t_s,v_mV
0.00029,0.00000
0.00531,0.00000
0.01033,0.00000
0.01534,0.00000
0.02036,1.61133
0.02537,0.00000
0.03039,0.00000
0.03540,0.00000
0.04042,0.00000
0.04543,0.00000
0.05044,0.00000
0.05546,0.00000
0.06047,0.00000
0.06549,0.00000
0.07050,0.00000
0.07552,0.00000
0.08053,0.00000
0.08555,0.00000
0.09056,1.61133
0.09558,0.00000
0.10060,0.00000
0.10561,0.00000
0.11063,0.00000
0.11564,0.00000
0.12066,0.00000
0.12567,0.00000
0.13069,0.00000
0.13570,0.00000
0.14072,0.00000
0.14574,0.00000
0.15075,0.00000
0.15577,0.00000
0.16078,0.00000
0.16580,0.00000
0.17081,1.61133
0.17583,0.00000
0.18084,0.00000
0.18586,0.00000
0.19088,0.00000
0.19589,0.00000
0.20091,0.00000
0.20592,0.00000
0.21093,0.00000
0.21595,0.00000
0.22096,1.61133
0.22598,1.61133
0.23099,0.00000
0.23601,0.00000
0.24102,0.00000
0.24604,0.00000
0.25105,0.00000
0.25607,0.00000
0.26108,0.00000
0.26610,1.61133
0.27112,0.00000
0.27613,0.00000
0.28115,0.00000
0.28616,0.00000
0.29118,0.00000
0.29619,0.00000
0.30121,0.00000
0.30622,0.00000
0.31124,0.00000
0.31626,0.00000
0.32127,0.00000
0.32629,0.00000
0.33130,0.00000
0.33632,0.00000
0.34133,0.00000
0.34635,0.00000
0.35136,0.00000
0.35638,0.00000
0.36139,1.61133
0.36641,0.00000
0.37142,0.00000
0.37644,0.00000
0.38145,1.61133
0.38647,0.00000
0.39148,0.00000
0.39650,0.00000
0.40151,0.00000
0.40653,0.00000
0.41154,1.61133
0.41656,0.00000
0.42157,1.61133
0.42659,0.00000
0.43160,0.00000
0.43662,0.00000
0.44164,0.00000
0.44665,0.00000
0.45167,0.00000
0.45668,0.00000
0.46170,1.61133
0.46671,1.61133
0.47173,1.61133
0.47674,0.00000
0.48176,0.00000
0.48678,0.00000
0.49179,0.00000
0.49681,0.00000
0.50182,0.00000
0.50684,0.00000
0.51185,1.61133
0.51687,0.00000
0.52188,0.00000
0.52690,0.00000
0.53191,0.00000
0.53693,0.00000
0.54194,0.00000
0.54695,0.00000
0.55197,1.61133
0.55699,0.00000
0.56200,0.00000
0.56701,0.00000
0.57203,0.00000
0.57705,0.00000
0.58206,0.00000
0.58708,0.00000
0.59209,0.00000
0.59711,0.00000
0.60212,0.00000
0.60714,0.00000
0.61215,0.00000
0.61717,0.00000
0.62219,0.00000
0.62720,0.00000
0.63222,1.61133
0.63723,1.61133
0.64225,0.00000
0.64726,0.00000
0.65228,0.00000
0.65729,0.00000
0.66231,0.00000
0.66733,0.00000
0.67234,0.00000
0.67736,0.00000
0.68237,0.00000
0.68739,0.00000
0.69240,0.00000
0.69742,0.00000
0.70243,0.00000
0.70744,0.00000
0.71246,0.00000
0.71747,0.00000
0.72249,0.00000
0.72750,1.61133
0.73252,0.00000
0.73753,0.00000
0.74255,0.00000
0.74757,0.00000
0.75258,0.00000
0.75760,0.00000
0.76261,1.61133
0.76763,0.00000
0.77264,0.00000
0.77766,0.00000
0.78267,0.00000
0.78769,1.61133
0.79271,0.00000
0.79772,0.00000
0.80274,0.00000
0.80775,0.00000
0.81277,0.00000
0.81778,1.61133
0.82280,0.00000
0.82781,1.61133
0.83283,0.00000
0.83785,0.00000
0.84286,0.00000
0.84788,0.00000
0.85289,0.00000
0.85790,0.00000
0.86292,0.00000
0.86793,0.00000
0.87295,0.00000
0.87796,0.00000
0.88298,0.00000
0.88799,1.61133
0.89301,0.00000
0.89802,0.00000
0.90304,0.00000
0.90805,0.00000
0.91307,0.00000
0.91809,0.00000
0.92310,0.00000
0.92812,1.61133
0.93313,0.00000
0.93815,0.00000
0.94316,0.00000
0.94818,0.00000
0.95319,0.00000
0.95821,0.00000
0.96323,0.00000
0.96824,0.00000
0.97326,0.00000
0.97827,0.00000
0.98329,0.00000
0.98830,0.00000
0.99332,0.00000
0.99833,0.00000
1.00335,0.00000
1.00836,0.00000
1.01338,0.00000
1.01839,1.61133
1.02341,0.00000
1.02842,0.00000
1.03344,0.00000
1.03845,0.00000
1.04347,0.00000
1.04848,0.00000
1.05350,0.00000
1.05851,0.00000
1.06353,0.00000
1.06854,0.00000
1.07356,0.00000
1.07857,0.00000
1.08359,0.00000
1.08861,0.00000
1.09362,1.61133
1.09864,0.00000
1.10365,0.00000
1.10867,0.00000
1.11368,0.00000
1.11870,0.00000
1.12371,0.00000
1.12873,0.00000
1.13375,0.00000
1.13876,0.00000
1.14378,1.61133
1.14879,0.00000
1.15381,0.00000
1.15882,0.00000
1.16384,0.00000
1.16885,1.61133
1.17387,0.00000
1.17888,1.61133
1.18390,0.00000
1.18891,0.00000
1.19393,0.00000
1.19894,1.61133
1.20395,0.00000
1.20897,0.00000
1.21399,0.00000
1.21900,0.00000
1.22402,0.00000
1.22903,0.00000
1.23405,0.00000
1.23906,0.00000
1.24408,0.00000
1.24909,0.00000
1.25411,0.00000
1.25913,0.00000
1.26414,0.00000
1.26916,0.00000
1.27417,0.00000
1.27919,0.00000
1.28420,0.00000
1.28922,0.00000
1.29423,0.00000
1.29925,0.00000
1.30427,0.00000
1.30928,0.00000
1.31430,0.00000
1.31931,0.00000
1.32433,0.00000
1.32934,0.00000
1.33436,0.00000
1.33937,0.00000
1.34439,0.00000
1.34940,1.61133
1.35441,0.00000
1.35943,0.00000
1.36444,0.00000
1.36946,0.00000
1.37447,0.00000
1.37949,0.00000
1.38450,1.61133
1.38952,0.00000
1.39454,0.00000
1.39955,0.00000
1.40457,0.00000
1.40958,0.00000
1.41460,0.00000
1.41961,1.61133
1.42463,0.00000
1.42964,0.00000
1.43466,1.61133
1.43968,0.00000
1.44469,0.00000
1.44971,0.00000
1.45472,0.00000
1.45974,0.00000
1.46475,0.00000
1.46977,0.00000
1.47479,1.61133
1.47980,0.00000
1.48482,0.00000
1.48983,0.00000
1.49485,0.00000
1.49986,0.00000
1.50488,0.00000
1.50989,0.00000
1.51490,0.00000
1.51992,0.00000
1.52493,0.00000
1.52995,0.00000
1.53496,0.00000
1.53998,0.00000
1.54499,0.00000
1.55001,0.00000
1.55502,0.00000
1.56004,0.00000
1.56506,0.00000
1.57007,0.00000
1.57509,0.00000
1.58010,0.00000
1.58512,0.00000
1.59013,0.00000
1.59515,0.00000
1.60016,0.00000
1.60518,0.00000
1.61020,0.00000
1.61521,0.00000
1.62023,1.61133
1.62524,0.00000
1.63026,0.00000
1.63527,0.00000
1.64029,1.61133
1.64530,0.00000
1.65032,0.00000
1.65534,0.00000
1.66035,0.00000
1.66536,0.00000
1.67038,0.00000
1.67539,0.00000
1.68041,0.00000
1.68542,0.00000
1.69044,0.00000
1.69545,0.00000
1.70047,1.61133
1.70548,0.00000
1.71050,0.00000
1.71551,0.00000
1.72053,1.61133
1.72554,0.00000
1.73056,0.00000
1.73558,0.00000
1.74059,0.00000
1.74561,0.00000
1.75062,1.61133
1.75564,0.00000
1.76065,0.00000
1.76567,0.00000
1.77068,0.00000
1.77570,0.00000
1.78072,0.00000
1.78573,0.00000
1.79075,1.61133
1.79576,0.00000
1.80078,0.00000
1.80579,1.61133
1.81081,0.00000
1.81582,0.00000
1.82084,1.61133
1.82585,0.00000
1.83087,1.61133
1.83588,0.00000
1.84090,0.00000
1.84591,0.00000
1.85092,0.00000
1.85594,0.00000
1.86096,0.00000
1.86597,0.00000
1.87098,0.00000
1.87600,0.00000
1.88102,0.00000
1.88603,0.00000
1.89105,0.00000
1.89606,0.00000
1.90108,0.00000
1.90609,0.00000
1.91111,0.00000
1.91613,1.61133
1.92114,0.00000
1.92616,1.61133
1.93117,0.00000
1.93619,1.61133
1.94120,0.00000
1.94622,1.61133
1.95123,1.61133
1.95625,0.00000
1.96127,0.00000
1.96628,0.00000
1.97130,0.00000
1.97631,0.00000
1.98133,0.00000
1.98634,0.00000
1.99136,0.00000
1.99637,0.00000
2.00139,0.00000
2.00640,0.00000
2.01141,0.00000
2.01643,0.00000
2.02144,0.00000
2.02646,1.61133
2.03147,0.00000
2.03649,0.00000
2.04150,0.00000
2.04652,0.00000
2.05154,0.00000
2.05655,0.00000
2.06157,0.00000
2.06658,0.00000
2.07160,1.61133
2.07661,0.00000
2.08163,0.00000
2.08664,1.61133
2.09166,1.61133
2.09668,0.00000
2.10169,0.00000
2.10671,0.00000
2.11172,0.00000
2.11674,1.61133
2.12175,0.00000
2.12677,0.00000
2.13178,0.00000
2.13680,0.00000
2.14182,0.00000
2.14683,0.00000
2.15185,0.00000
2.15686,0.00000
2.16188,0.00000
2.16689,0.00000
2.17190,0.00000
2.17692,0.00000
2.18193,0.00000
2.18695,0.00000
2.19196,0.00000
2.19698,0.00000
2.20199,0.00000
2.20701,0.00000
2.21202,0.00000
2.21704,0.00000
2.22206,0.00000
2.22707,1.61133
2.23209,0.00000
2.23710,0.00000
2.24212,0.00000
2.24713,0.00000
2.25215,0.00000
2.25716,0.00000
2.26218,0.00000
2.26720,0.00000
2.27221,1.61133
2.27723,0.00000
2.28224,0.00000
2.28726,0.00000
2.29227,0.00000
2.29729,0.00000
2.30230,0.00000
2.30732,0.00000
2.31234,0.00000
2.31735,0.00000
2.32236,0.00000
2.32738,0.00000
2.33239,0.00000
2.33741,0.00000
2.34242,0.00000
2.34744,0.00000
2.35245,1.61133
2.35747,0.00000
2.36248,1.61133
2.36750,0.00000
2.37251,0.00000
2.37753,0.00000
2.38254,0.00000
2.38756,0.00000
2.39257,0.00000
2.39759,0.00000
2.40261,0.00000
2.40762,0.00000
2.41264,0.00000
2.41765,0.00000
2.42267,0.00000
2.42768,0.00000
2.43270,0.00000
2.43771,0.00000
2.44273,0.00000
2.44775,0.00000
2.45276,0.00000
2.45778,0.00000
2.46279,0.00000
2.46781,0.00000
2.47282,0.00000
2.47784,0.00000
2.48285,0.00000
2.48787,0.00000
2.49288,0.00000
2.49790,0.00000
2.50291,0.00000
2.50792,0.00000
2.51294,0.00000
2.51796,0.00000
2.52297,0.00000
2.52799,0.00000
2.53300,0.00000
2.53802,0.00000
2.54303,0.00000
2.54805,0.00000
2.55306,0.00000
2.55808,0.00000
2.56309,0.00000
2.56811,0.00000
2.57313,0.00000
2.57814,0.00000
2.58316,0.00000
2.58817,0.00000
2.59319,0.00000
2.59820,0.00000
2.60322,0.00000
2.60823,0.00000
2.61325,0.00000
2.61827,0.00000
2.62328,0.00000
2.62830,0.00000
2.63331,0.00000
2.63833,0.00000
2.64334,0.00000
2.64836,0.00000
2.65337,0.00000
2.65838,0.00000
2.66340,0.00000
2.66841,0.00000
2.67343,0.00000
2.67844,0.00000
2.68346,0.00000
2.68847,0.00000
2.69349,0.00000
2.69850,0.00000
2.70352,0.00000
2.70854,0.00000
2.71355,0.00000
2.71857,0.00000
2.72358,0.00000
2.72860,0.00000
2.73361,0.00000
2.73863,0.00000
2.74364,0.00000
2.74866,0.00000
2.75368,0.00000
2.75869,0.00000
2.76371,0.00000
2.76872,0.00000
2.77374,0.00000
2.77875,0.00000
2.78377,0.00000
2.78878,0.00000
2.79380,0.00000
2.79882,0.00000
2.80383,0.00000
2.80884,0.00000
2.81386,0.00000
2.81887,0.00000
2.82389,0.00000
2.82890,0.00000
2.83392,0.00000
2.83893,0.00000
2.84395,0.00000
2.84896,0.00000
2.85398,0.00000
2.85899,0.00000
2.86401,0.00000
2.86902,0.00000
2.87404,0.00000
2.87906,0.00000
2.88407,0.00000
2.88909,0.00000
2.89410,0.00000
2.89912,0.00000
2.90413,0.00000
2.90915,0.00000
2.91417,0.00000
2.91918,0.00000
2.92420,0.00000
2.92921,0.00000
2.93423,0.00000
2.93924,0.00000
2.94426,0.00000
2.94927,0.00000
2.95429,0.00000
2.95931,0.00000
2.96432,0.00000
2.96933,0.00000
2.97435,0.00000
2.97936,0.00000
2.98438,0.00000
2.98939,0.00000
2.99440,0.00000
2.99942,0.00000
3.00444,0.00000
3.00945,0.00000
3.01447,0.00000
3.01948,0.00000
3.02450,0.00000
3.02951,0.00000
3.03453,0.00000
3.03954,0.00000
3.04456,0.00000
3.04957,0.00000
3.05459,0.00000
3.05961,0.00000
3.06462,0.00000
3.06964,0.00000
3.07465,0.00000
3.07967,0.00000
3.08468,0.00000
3.08970,0.00000
3.09471,0.00000
3.09973,0.00000
3.10475,0.00000
3.10976,0.00000
3.11478,0.00000
3.11979,0.00000
3.12481,0.00000
3.12982,0.00000
3.13484,0.00000
3.13985,0.00000
3.14487,0.00000
3.14988,0.00000
3.15489,0.00000
3.15991,0.00000
3.16493,0.00000
3.16994,0.00000
3.17496,0.00000
3.17997,0.00000
3.18499,0.00000
3.19000,0.00000
3.19502,0.00000
3.20003,0.00000
3.20505,0.00000
3.21006,0.00000
3.21508,0.00000
3.22010,0.00000
3.22511,0.00000
3.23013,0.00000
3.23514,0.00000
3.24016,0.00000
3.24517,0.00000
3.25019,0.00000
3.25520,0.00000
3.26022,0.00000
3.26524,0.00000
3.27025,0.00000
3.27527,0.00000
3.28028,0.00000
3.28530,0.00000
3.29031,0.00000
3.29533,0.00000
3.30034,0.00000
3.30536,0.00000
3.31037,0.00000
3.31538,0.00000
3.32040,0.00000
3.32541,0.00000
3.33043,0.00000
3.33544,0.00000
3.34046,0.00000
3.34547,0.00000
3.35049,0.00000
3.35550,0.00000
3.36052,0.00000
3.36554,0.00000
3.37055,0.00000
3.37557,0.00000
3.38058,0.00000
3.38560,0.00000
3.39061,0.00000
3.39563,0.00000
3.40064,0.00000
3.40566,0.00000
3.41068,0.00000
3.41569,0.00000
3.42071,0.00000
3.42572,0.00000
3.43074,0.00000
3.43575,0.00000
3.44077,0.00000
3.44578,0.00000
3.45080,0.00000
3.45582,0.00000
3.46083,0.00000
3.46584,0.00000
3.47086,0.00000
3.47587,0.00000
3.48089,0.00000
3.48590,0.00000
3.49092,0.00000
3.49593,0.00000
3.50095,0.00000
3.50596,0.00000
3.51098,0.00000
3.51599,0.00000
3.52101,0.00000
3.52603,0.00000
3.53104,0.00000
3.53606,0.00000
3.54107,0.00000
3.54609,0.00000
3.55110,0.00000
3.55612,0.00000
3.56113,0.00000
3.56615,0.00000
3.57117,0.00000
3.57618,0.00000
3.58120,0.00000
3.58621,0.00000
3.59123,0.00000
3.59624,0.00000
3.60126,0.00000
3.60627,0.00000
3.61129,0.00000
3.61631,0.00000
3.62132,0.00000
3.62633,0.00000
3.63135,0.00000
3.63636,0.00000
3.64138,0.00000
3.64639,0.00000
3.65141,0.00000
3.65642,0.00000
3.66143,0.00000
3.66645,0.00000
3.67147,0.00000
3.67648,0.00000
3.68150,0.00000
3.68651,0.00000
3.69153,0.00000
3.69654,0.00000
3.70156,0.00000
3.70657,0.00000
3.71159,0.00000
3.71661,0.00000
3.72162,0.00000
3.72664,0.00000
3.73165,0.00000
3.73667,0.00000
3.74168,0.00000
3.74670,0.00000
3.75171,0.00000
3.75673,0.00000
3.76175,0.00000
3.76676,0.00000
3.77178,0.00000
3.77679,0.00000
3.78181,0.00000
3.78682,0.00000
3.79184,0.00000
3.79685,0.00000
3.80186,0.00000
3.80688,0.00000
3.81189,0.00000
3.81691,0.00000
3.82192,0.00000
3.82694,0.00000
3.83195,0.00000
3.83697,0.00000
3.84199,0.00000
3.84700,0.00000
3.85202,0.00000
3.85703,0.00000
3.86205,0.00000
3.86706,0.00000
3.87208,0.00000
3.87710,-1.61133
3.88211,0.00000
3.88713,0.00000
3.89214,0.00000
3.89716,-3.22266
3.90217,-1.61133
3.90719,0.00000
3.91220,-1.61133
3.91722,-1.61133
3.92224,0.00000
3.92725,-1.61133
3.93227,-1.61133
3.93728,-3.22266
3.94230,0.00000
3.94731,-1.61133
3.95233,-1.61133
3.95734,0.00000
3.96235,-1.61133
3.96737,-3.22266
3.97238,-1.61133
3.97740,-3.22266
3.98241,-1.61133
3.98743,-1.61133
3.99244,-1.61133
3.99746,-1.61133
4.00247,-1.61133
4.00749,-3.22266
4.01250,-3.22266
4.01752,-3.22266
4.02254,-3.22266
4.02755,-3.22266
4.03257,-3.22266
4.03758,-3.22266
4.04260,-3.22266
4.04761,-3.22266
4.05263,-3.22266
4.05765,-3.22266
4.06266,-3.22266
4.06768,-3.22266
4.07269,-3.22266
4.07771,-3.22266
4.08272,-3.22266
4.08774,-3.22266
4.09275,-3.22266
4.09777,-3.22266
4.10279,-3.22266
4.10780,-4.83398
4.11282,-3.22266
4.11783,-3.22266
4.12284,-3.22266
4.12786,-4.83398
4.13287,-3.22266
4.13789,-3.22266
4.14290,-4.83398
4.14792,-3.22266
4.15293,-3.22266
4.15795,-4.83398
4.16296,-3.22266
4.16798,-3.22266
4.17299,-4.83398
4.17801,-4.83398
4.18302,-4.83398
4.18804,-4.83398
4.19306,-4.83398
4.19807,-4.83398
4.20309,-4.83398
4.20810,-4.83398
4.21312,-4.83398
4.21813,-4.83398
4.22315,-4.83398
4.22816,-4.83398
4.23318,-4.83398
4.23820,-4.83398
4.24321,-4.83398
4.24823,-4.83398
4.25324,-4.83398
4.25826,-6.44531
4.26327,-4.83398
4.26829,-4.83398
4.27330,-4.83398
4.27832,-6.44531
4.28333,-6.44531
4.28835,-4.83398
4.29336,-6.44531
4.29838,-4.83398
4.30339,-4.83398
4.30840,-6.44531
4.31342,-6.44531
4.31844,-6.44531
4.32345,-6.44531
4.32847,-6.44531
4.33348,-8.05664
4.33850,-8.05664
4.34351,-8.05664
4.34853,-8.05664
4.35354,-8.05664
4.35856,-8.05664
4.36358,-8.05664
4.36859,-9.66797
4.37361,-9.66797
4.37862,-9.66797
4.38364,-9.66797
4.38865,-11.27930
4.39367,-11.27930
4.39869,-12.89062
4.40370,-12.89062
4.40872,-14.50195
4.41373,-14.50195
4.41875,-14.50195
4.42376,-14.50195
4.42878,-17.72461
4.43379,-17.72461
4.43881,-20.94726
4.44382,-20.94726
4.44884,-20.94726
4.45385,-22.55859
4.45886,-24.16992
4.46388,-24.16992
4.46889,-25.78125
4.47391,-27.39258
4.47892,-29.00390
4.48394,-30.61524
4.48895,-32.22656
4.49397,-33.83789
4.49899,-35.44922
4.50400,-37.06055
4.50902,-38.67187
4.51403,-40.28320
4.51905,-41.89453
4.52406,-43.50586
4.52908,-46.72851
4.53409,-46.72851
4.53911,-48.33984
4.54413,-49.95117
4.54914,-53.17383
4.55416,-53.17383
4.55917,-56.39648
4.56419,-58.00781
4.56920,-59.61914
4.57422,-61.23047
4.57923,-64.45312
4.58425,-66.06445
4.58927,-67.67578
4.59428,-70.89844
4.59930,-72.50977
4.60431,-75.73242
4.60933,-77.34375
4.61434,-80.56641
4.61935,-83.78906
4.62437,-85.40039
4.62938,-90.23438
4.63440,-93.45703
4.63941,-98.29102
4.64443,-104.73633
4.64944,-107.95898
4.65446,-114.40430
4.65947,-120.84961
4.66449,-127.29491
4.66951,-133.74023
4.67452,-140.18555
4.67954,-146.63085
4.68455,-153.07617
4.68957,-161.13281
4.69458,-169.18945
4.69960,-175.63476
4.70462,-183.69140
4.70963,-190.13672
4.71465,-196.58203
4.71966,-203.02734
4.72468,-209.47266
4.72969,-217.52930
4.73471,-225.58594
4.73972,-233.64258
4.74474,-240.08788
4.74976,-246.53320
4.75477,-254.58983
4.75978,-261.03514
4.76480,-269.09178
4.76981,-275.53710
4.77483,-283.59374
4.77984,-291.65038
4.78486,-298.09570
4.78987,-306.15234
4.79489,-312.59766
4.79990,-317.43163
4.80492,-323.87695
4.80993,-328.71094
4.81495,-333.54490
4.81996,-336.76758
4.82498,-343.21287
4.82999,-348.04687
4.83501,-352.88087
4.84002,-356.10350
4.84504,-359.32615
4.85006,-362.54883
4.85507,-365.77147
4.86009,-368.99415
4.86510,-372.21680
4.87012,-375.43944
4.87513,-378.66210
4.88015,-381.88475
4.88516,-383.49608
4.89018,-385.10743
4.89520,-388.33007
4.90021,-389.94140
4.90523,-391.55272
4.91024,-393.16407
4.91526,-394.77540
4.92027,-396.38670
4.92529,-397.99803
4.93030,-397.99803
4.93532,-399.60936
4.94033,-399.60936
4.94534,-399.60936
4.95036,-401.22070
4.95538,-401.22070
4.96039,-401.22070
4.96540,-401.22070
4.97042,-401.22070
4.97544,-401.22070
4.98045,-401.22070
4.98547,-401.22070
4.99048,-402.83203
4.99550,-402.83203
5.00051,-402.83203
5.00553,-404.44335
5.01054,-404.44335
5.01556,-404.44335
5.02058,-404.44335
5.02559,-406.05468
5.03061,-406.05468
5.03562,-406.05468
5.04064,-406.05468
5.04565,-406.05468
5.05067,-407.66600
5.05569,-407.66600
5.06070,-407.66600
5.06572,-407.66600
5.07073,-407.66600
5.07575,-407.66600
5.08076,-407.66600
5.08578,-407.66600
5.09079,-407.66600
5.09581,-407.66600
5.10082,-406.05468
5.10583,-407.66600
5.11085,-407.66600
5.11586,-409.27735
5.12088,-409.27735
5.12589,-410.88867
5.13091,-410.88867
5.13592,-410.88867
5.14094,-412.50000
5.14596,-412.50000
5.15097,-414.11132
5.15599,-414.11132
5.16100,-414.11132
5.16602,-414.11132
5.17103,-414.11132
5.17605,-415.72264
5.18106,-415.72264
5.18608,-417.33400
5.19110,-417.33400
5.19611,-417.33400
5.20113,-418.94530
5.20614,-420.55663
5.21116,-420.55663
5.21617,-420.55663
5.22119,-420.55663
5.22621,-420.55663
5.23122,-420.55663
5.23624,-420.55663
5.24125,-420.55663
5.24627,-418.94530
5.25128,-417.33400
5.25629,-415.72264
5.26131,-415.72264
5.26632,-414.11132
5.27134,-412.50000
5.27635,-409.27735
5.28137,-407.66600
5.28638,-404.44335
5.29140,-401.22070
5.29641,-399.60936
5.30143,-397.99803
5.30644,-394.77540
5.31146,-391.55272
5.31647,-391.55272
5.32149,-388.33007
5.32651,-386.71875
5.33152,-385.10743
5.33654,-381.88475
5.34155,-380.27343
5.34657,-378.66210
5.35158,-375.43944
5.35660,-372.21680
5.36161,-368.99415
5.36663,-367.38280
5.37165,-364.16015
5.37666,-362.54883
5.38168,-359.32615
5.38669,-357.71483
5.39171,-352.88087
5.39672,-349.65820
5.40174,-348.04687
5.40676,-344.82422
5.41177,-341.60155
5.41678,-339.99023
5.42180,-336.76758
5.42681,-333.54490
5.43183,-330.32227
5.43684,-328.71094
5.44186,-325.48827
5.44687,-323.87695
5.45189,-320.65430
5.45690,-317.43163
5.46192,-315.82030
5.46693,-312.59766
5.47195,-310.98630
5.47696,-307.76367
5.48198,-304.54102
5.48700,-302.92967
5.49201,-299.70703
5.49703,-298.09570
5.50204,-294.87303
5.50706,-294.87303
5.51207,-291.65038
5.51709,-291.65038
5.52210,-288.42774
5.52712,-288.42774
5.53214,-285.20507
5.53715,-285.20507
5.54217,-283.59374
5.54718,-281.98242
5.55220,-281.98242
5.55721,-280.37110
5.56223,-281.98242
5.56724,-281.98242
5.57226,-281.98242
5.57727,-280.37110
5.58229,-280.37110
5.58730,-281.98242
5.59232,-280.37110
5.59733,-280.37110
5.60234,-280.37110
5.60736,-281.98242
5.61238,-283.59374
5.61739,-283.59374
5.62240,-283.59374
5.62742,-283.59374
5.63244,-281.98242
5.63745,-283.59374
5.64247,-285.20507
5.64748,-285.20507
5.65250,-285.20507
5.65751,-285.20507
5.66253,-285.20507
5.66754,-286.81640
5.67256,-286.81640
5.67758,-288.42774
5.68259,-291.65038
5.68761,-293.26170
5.69262,-298.09570
5.69764,-302.92967
5.70265,-307.76367
5.70767,-310.98630
5.71268,-314.20898
5.71770,-315.82030
5.72272,-317.43163
5.72773,-320.65430
5.73275,-323.87695
5.73776,-327.09960
5.74278,-328.71094
5.74779,-331.93360
5.75281,-333.54490
5.75782,-336.76758
5.76283,-339.99023
5.76785,-341.60155
5.77286,-343.21287
5.77788,-344.82422
5.78289,-344.82422
5.78791,-344.82422
5.79293,-346.43555
5.79794,-349.65820
5.80296,-351.26950
5.80797,-354.49220
5.81299,-356.10350
5.81800,-359.32615
5.82302,-362.54883
5.82803,-362.54883
5.83305,-364.16015
5.83807,-367.38280
5.84308,-368.99415
5.84810,-372.21680
5.85311,-373.82810
5.85813,-375.43944
5.86314,-373.82810
5.86816,-375.43944
5.87317,-377.05080
5.87819,-378.66210
5.88321,-380.27343
5.88822,-381.88475
5.89324,-381.88475
5.89825,-385.10743
5.90327,-386.71875
5.90828,-388.33007
5.91329,-391.55272
5.91831,-393.16407
5.92332,-396.38670
5.92834,-399.60936
5.93335,-402.83203
5.93837,-406.05468
5.94338,-407.66600
5.94840,-410.88867
5.95341,-414.11132
5.95843,-415.72264
5.96344,-418.94530
5.96846,-420.55663
5.97347,-423.77928
5.97849,-427.00195
5.98351,-430.22460
5.98852,-435.05860
5.99354,-438.28124
5.99855,-443.11523
6.00357,-446.33788
6.00858,-452.78320
6.01360,-459.22852
6.01861,-465.67383
6.02363,-472.11912
6.02865,-476.95312
6.03366,-485.00976
6.03868,-491.45508
6.04369,-497.90040
6.04871,-502.73436
6.05372,-507.56836
6.05874,-512.40236
6.06375,-517.23630
6.06877,-525.29293
6.07378,-531.73830
6.07880,-538.18357
6.08381,-544.62890
6.08883,-549.46285
6.09384,-552.68556
6.09886,-555.90820
6.10387,-560.74220
6.10889,-563.96484
6.11390,-568.79884
6.11892,-573.63280
6.12393,-578.46680
6.12895,-581.68940
6.13396,-586.52340
6.13898,-591.35740
6.14400,-597.80270
6.14901,-604.24805
6.15403,-610.69334
6.15904,-615.52733
6.16406,-620.36130
6.16907,-625.19530
6.17409,-628.41797
6.17910,-633.25197
6.18412,-638.08590
6.18914,-644.53125
6.19415,-650.97654
6.19917,-655.81053
6.20418,-662.25580
6.20920,-668.70120
6.21421,-675.14646
6.21923,-679.98046
6.22424,-683.20310
6.22926,-688.03710
6.23427,-692.87110
6.23929,-699.31640
6.24430,-707.37300
6.24932,-713.81840
6.25433,-721.87500
6.25934,-729.93165
6.26436,-739.59960
6.26937,-747.65620
6.27439,-757.32420
6.27940,-766.99215
6.28442,-779.88280
6.28944,-794.38480
6.29445,-807.27535
6.29947,-820.16600
6.30448,-833.05660
6.30950,-849.16990
6.31451,-870.11720
6.31953,-897.50975
6.32454,-1000.63480
6.32956,-1119.87300
6.33458,-1145.65430
6.33959,-1145.65430
6.34461,-1144.04300
6.34962,-1144.04300
6.35464,-1142.43160
6.35965,-1140.82030
6.36467,-1140.82030
6.36968,-1137.59770
6.37470,-1135.98630
6.37972,-1132.76360
6.38473,-1131.15230
6.38975,-1129.54100
6.39476,-1126.31830
6.39978,-1124.70700
6.40479,-1121.48440
6.40980,-1119.87300
6.41482,-1118.26170
6.41983,-1115.03900
6.42485,-1113.42780
6.42986,-1110.20500
6.43488,-1108.59370
6.43989,-1106.98240
6.44491,-1105.37110
6.44993,-1103.75980
6.45494,-1102.14840
6.45996,-1102.14840
6.46497,-1102.14840
6.46999,-1102.14840
6.47500,-1100.53710
6.48002,-1100.53710
6.48503,-1100.53710
6.49005,-1102.14840
6.49507,-1102.14840
6.50008,-1103.75980
6.50510,-1103.75980
6.51011,-1105.37110
6.51513,-1105.37110
6.52014,-1106.98240
6.52516,-1106.98240
6.53017,-1108.59370
6.53519,-1108.59370
6.54021,-1110.20500
6.54522,-1110.20500
6.55024,-1111.81640
6.55525,-1111.81640
6.56027,-1113.42780
6.56528,-1115.03900
6.57029,-1115.03900
6.57531,-1115.03900
6.58032,-1115.03900
6.58534,-1116.65030
6.59035,-1115.03900
6.59537,-1116.65030
6.60038,-1116.65030
6.60540,-1116.65030
6.61041,-1116.65030
6.61543,-1116.65030
6.62044,-1116.65030
6.62546,-1116.65030
6.63048,-1116.65030
6.63549,-1116.65030
6.64051,-1116.65030
6.64552,-1116.65030
6.65054,-1116.65030
6.65555,-1116.65030
6.66057,-1116.65030
6.66558,-1115.03900
6.67060,-1115.03900
6.67562,-1115.03900
6.68063,-1113.42780
6.68565,-1113.42780
6.69066,-1111.81640
6.69568,-1111.81640
6.70069,-1110.20500
6.70571,-1110.20500
6.71073,-1108.59370
6.71574,-1108.59370
6.72075,-1106.98240
6.72577,-1105.37110
6.73078,-1105.37110
6.73580,-1103.75980
6.74081,-1102.14840
6.74582,-1102.14840
6.75084,-1100.53710
6.75586,-1098.92570
6.76087,-1097.31450
6.76589,-1097.31450
6.77090,-1095.70310
6.77592,-1094.09180
6.78093,-1092.48040
6.78595,-1090.86910
6.79096,-1089.25780
6.79598,-1087.64650
6.80100,-1086.03510
6.80601,-1084.42380
6.81103,-1081.20120
6.81604,-1079.58980
6.82106,-1077.97850
6.82607,-1074.75580
6.83109,-1073.14460
6.83610,-1071.53320
6.84112,-1068.31050
6.84614,-1065.08790
6.85115,-1063.47660
6.85617,-1060.25390
6.86118,-1058.64250
6.86620,-1058.64250
6.87121,-1057.03130
6.87623,-1057.03130
6.88124,-1057.03130
6.88626,-1057.03130
6.89127,-1057.03130
6.89628,-1058.64250
6.90130,-1058.64250
6.90631,-1060.25390
6.91133,-1061.86520
6.91634,-1065.08790
6.92136,-1068.31050
6.92637,-1069.92190
6.93139,-1071.53320
6.93641,-1074.75580
6.94142,-1079.58980
6.94644,-1082.81240
6.95145,-1084.42380
6.95647,-1084.42380
6.96148,-1084.42380
6.96650,-1084.42380
6.97152,-1084.42380
6.97653,-1086.03510
6.98155,-1087.64650
6.98656,-1087.64650
6.99158,-1090.86910
6.99659,-1090.86910
7.00161,-1090.86910
7.00662,-1090.86910
7.01164,-1090.86910
7.01666,-1092.48040
7.02167,-1094.09180
7.02669,-1095.70310
7.03170,-1095.70310
7.03672,-1097.31450
7.04173,-1097.31450
7.04675,-1098.92570
7.05176,-1098.92570
7.05677,-1100.53710
7.06179,-1102.14840
7.06680,-1102.14840
7.07182,-1103.75980
7.07683,-1103.75980
7.08185,-1105.37110
7.08686,-1105.37110
7.09188,-1105.37110
7.09689,-1106.98240
7.10191,-1106.98240
7.10693,-1106.98240
7.11194,-1106.98240
7.11696,-1106.98240
7.12197,-1106.98240
7.12699,-1108.59370
7.13200,-1108.59370
7.13702,-1108.59370
7.14203,-1110.20500
7.14705,-1110.20500
7.15207,-1110.20500
7.15708,-1110.20500
7.16210,-1110.20500
7.16711,-1111.81640
7.17213,-1111.81640
7.17714,-1111.81640
7.18216,-1111.81640
7.18717,-1111.81640
7.19219,-1113.42780
7.19721,-1113.42780
7.20222,-1113.42780
7.20723,-1113.42780
7.21225,-1115.03900
7.21726,-1115.03900
7.22228,-1115.03900
7.22729,-1116.65030
7.23231,-1116.65030
7.23732,-1116.65030
7.24234,-1116.65030
7.24735,-1116.65030
7.25237,-1116.65030
7.25738,-1116.65030
7.26240,-1118.26170
7.26741,-1118.26170
7.27243,-1119.87300
7.27745,-1119.87300
7.28246,-1119.87300
7.28748,-1119.87300
7.29249,-1121.48440
7.29751,-1121.48440
7.30252,-1123.09560
7.30754,-1123.09560
7.31255,-1123.09560
7.31757,-1123.09560
7.32259,-1123.09560
7.32760,-1123.09560
7.33262,-1123.09560
7.33763,-1124.70700
7.34265,-1124.70700
7.34766,-1124.70700
7.35268,-1124.70700
7.35769,-1126.31830
7.36271,-1124.70700
7.36772,-1126.31830
7.37274,-1126.31830
7.37775,-1126.31830
7.38277,-1126.31830
7.38778,-1126.31830
7.39279,-1126.31830
7.39781,-1126.31830
7.40283,-1126.31830
7.40784,-1126.31830
7.41286,-1126.31830
7.41787,-1126.31830
7.42289,-1126.31830
7.42790,-1126.31830
7.43292,-1126.31830
7.43793,-1124.70700
7.44295,-1124.70700
7.44796,-1124.70700
7.45298,-1124.70700
7.45800,-1124.70700
7.46301,-1124.70700
7.46803,-1124.70700
7.47304,-1124.70700
7.47806,-1126.31830
7.48307,-1126.31830
7.48809,-1126.31830
7.49310,-1126.31830
7.49812,-1126.31830
7.50314,-1127.92970
7.50815,-1126.31830
7.51317,-1126.31830
7.51818,-1126.31830
7.52320,-1126.31830
7.52821,-1126.31830
7.53323,-1126.31830
7.53824,-1126.31830
7.54326,-1126.31830
7.54827,-1126.31830
7.55328,-1126.31830
7.55830,-1126.31830
7.56331,-1126.31830
7.56833,-1126.31830
7.57334,-1126.31830
7.57836,-1126.31830
7.58338,-1126.31830
7.58839,-1124.70700
7.59341,-1124.70700
7.59842,-1124.70700
7.60344,-1124.70700
7.60845,-1124.70700
7.61347,-1124.70700
7.61848,-1123.09560
7.62350,-1124.70700
7.62852,-1123.09560
7.63353,-1124.70700
7.63855,-1124.70700
7.64356,-1123.09560
7.64858,-1123.09560
7.65359,-1123.09560
7.65861,-1123.09560
7.66362,-1123.09560
7.66864,-1124.70700
7.67366,-1123.09560
7.67867,-1124.70700
7.68369,-1124.70700
7.68870,-1123.09560
7.69372,-1124.70700
7.69873,-1124.70700
7.70374,-1123.09560
7.70876,-1124.70700
7.71377,-1124.70700
7.71879,-1124.70700
7.72380,-1124.70700
7.72882,-1124.70700
7.73383,-1124.70700
7.73885,-1124.70700
7.74386,-1124.70700
7.74888,-1124.70700
7.75389,-1124.70700
7.75891,-1124.70700
7.76393,-1124.70700
7.76894,-1124.70700
7.77396,-1124.70700
7.77897,-1124.70700
7.78399,-1124.70700
7.78900,-1124.70700
7.79402,-1124.70700
7.79903,-1124.70700
7.80405,-1124.70700
7.80907,-1124.70700
7.81408,-1124.70700
7.81910,-1124.70700
7.82411,-1124.70700
7.82913,-1124.70700
7.83414,-1124.70700
7.83916,-1126.31830
7.84417,-1124.70700
7.84919,-1124.70700
7.85421,-1124.70700
7.85922,-1124.70700
7.86423,-1124.70700
7.86925,-1124.70700
7.87426,-1124.70700
7.87928,-1124.70700
7.88429,-1124.70700
7.88931,-1124.70700
7.89432,-1124.70700
7.89934,-1124.70700
7.90435,-1124.70700
7.90937,-1124.70700
7.91438,-1124.70700
7.91940,-1124.70700
7.92441,-1124.70700
7.92943,-1124.70700
7.93445,-1124.70700
7.93946,-1126.31830
7.94448,-1124.70700
7.94949,-1124.70700
7.95451,-1124.70700
7.95952,-1124.70700
7.96454,-1126.31830
7.96955,-1126.31830
7.97457,-1126.31830
7.97959,-1126.31830
7.98460,-1126.31830
7.98962,-1126.31830
7.99463,-1126.31830
7.99965,-1126.31830
8.00466,-1126.31830
8.00968,-1124.70700
8.01469,-1126.31830
8.01971,-1126.31830
8.02472,-1124.70700
8.02974,-1124.70700
8.03475,-1124.70700
8.03977,-1124.70700
8.04478,-1124.70700
8.04979,-1124.70700
8.05481,-1124.70700
8.05983,-1124.70700
8.06484,-1124.70700
8.06986,-1124.70700
8.07487,-1124.70700
8.07989,-1124.70700
8.08490,-1124.70700
8.08992,-1124.70700
8.09493,-1126.31830
8.09995,-1126.31830
8.10496,-1124.70700
8.10998,-1126.31830
8.11500,-1124.70700
8.12001,-1126.31830
8.12503,-1126.31830
8.13004,-1126.31830
8.13506,-1124.70700
8.14007,-1124.70700
8.14509,-1126.31830
8.15010,-1124.70700
8.15512,-1126.31830
8.16014,-1124.70700
8.16515,-1124.70700
8.17017,-1126.31830
8.17518,-1124.70700
8.18020,-1124.70700
8.18521,-1124.70700
8.19023,-1124.70700
8.19524,-1126.31830
8.20026,-1124.70700
8.20527,-1124.70700
8.21028,-1124.70700
8.21530,-1124.70700
8.22031,-1124.70700
8.22533,-1126.31830
8.23034,-1124.70700
8.23536,-1124.70700
8.24038,-1124.70700
8.24539,-1126.31830
8.25041,-1124.70700
8.25542,-1124.70700
8.26044,-1124.70700
8.26545,-1124.70700
8.27047,-1126.31830
8.27548,-1126.31830
8.28050,-1126.31830
8.28552,-1124.70700
8.29053,-1124.70700
8.29555,-1124.70700
8.30056,-1124.70700
8.30558,-1124.70700
8.31059,-1124.70700
8.31561,-1124.70700
8.32062,-1124.70700
8.32564,-1124.70700
8.33066,-1124.70700
8.33567,-1124.70700
8.34069,-1124.70700
8.34570,-1124.70700
8.35072,-1124.70700
8.35573,-1124.70700
8.36074,-1124.70700
8.36576,-1124.70700
8.37077,-1124.70700
8.37579,-1124.70700
8.38080,-1124.70700
8.38582,-1124.70700
8.39083,-1124.70700
8.39585,-1124.70700
8.40086,-1124.70700
8.40588,-1124.70700
8.41090,-1124.70700
8.41591,-1124.70700
8.42093,-1124.70700
8.42594,-1124.70700
8.43096,-1124.70700
8.43597,-1124.70700
8.44099,-1124.70700
8.44600,-1124.70700
8.45102,-1123.09560
8.45603,-1124.70700
8.46105,-1124.70700
8.46607,-1124.70700
8.47108,-1123.09560
8.47610,-1124.70700
8.48111,-1124.70700
8.48613,-1124.70700
8.49114,-1124.70700
8.49616,-1124.70700
8.50117,-1123.09560
8.50619,-1124.70700
8.51121,-1123.09560
8.51622,-1124.70700
8.52123,-1123.09560
8.52625,-1124.70700
8.53126,-1124.70700
8.53627,-1124.70700
8.54129,-1123.09560
8.54631,-1124.70700
8.55132,-1124.70700
8.55634,-1123.09560
8.56135,-1123.09560
8.56637,-1123.09560
8.57138,-1123.09560
8.57640,-1123.09560
8.58141,-1123.09560
8.58643,-1123.09560
8.59145,-1123.09560
8.59646,-1123.09560
8.60148,-1123.09560
8.60649,-1123.09560
8.61151,-1123.09560
8.61652,-1123.09560
8.62154,-1123.09560
8.62655,-1123.09560
8.63157,-1124.70700
8.63659,-1123.09560
8.64160,-1124.70700
8.64662,-1123.09560
8.65163,-1123.09560
8.65665,-1123.09560
8.66166,-1123.09560
8.66668,-1123.09560
8.67169,-1123.09560
8.67671,-1123.09560
8.68172,-1123.09560
8.68674,-1123.09560
8.69175,-1123.09560
8.69676,-1123.09560
8.70178,-1123.09560
8.70679,-1123.09560
8.71181,-1123.09560
8.71683,-1123.09560
8.72184,-1123.09560
8.72686,-1123.09560
8.73187,-1123.09560
8.73689,-1123.09560
8.74190,-1123.09560
8.74692,-1123.09560
8.75193,-1123.09560
8.75695,-1123.09560
8.76197,-1123.09560
8.76698,-1123.09560
8.77200,-1123.09560
8.77701,-1123.09560
8.78203,-1123.09560
8.78704,-1123.09560
8.79206,-1123.09560
8.79707,-1123.09560
8.80209,-1123.09560
8.80710,-1123.09560
8.81212,-1123.09560
8.81714,-1123.09560
8.82215,-1123.09560
8.82717,-1123.09560
8.83218,-1123.09560
8.83720,-1123.09560
8.84221,-1123.09560
8.84722,-1121.48440
8.85224,-1123.09560
8.85725,-1121.48440
8.86227,-1121.48440
8.86728,-1123.09560
8.87230,-1123.09560
8.87731,-1121.48440
8.88233,-1123.09560
8.88734,-1121.48440
8.89236,-1121.48440
8.89738,-1123.09560
8.90239,-1121.48440
8.90741,-1123.09560
8.91242,-1123.09560
8.91744,-1123.09560
8.92245,-1123.09560
8.92747,-1123.09560
8.93248,-1123.09560
8.93750,-1123.09560
8.94252,-1123.09560
8.94753,-1123.09560
8.95255,-1123.09560
8.95756,-1123.09560
8.96258,-1123.09560
8.96759,-1123.09560
8.97261,-1123.09560
8.97762,-1123.09560
8.98264,-1123.09560
8.98766,-1123.09560
8.99267,-1123.09560
8.99769,-1123.09560
9.00270,-1121.48440
9.00771,-1123.09560
9.01273,-1123.09560
9.01774,-1123.09560
9.02276,-1123.09560
9.02777,-1121.48440
9.03279,-1121.48440
9.03780,-1123.09560
9.04282,-1121.48440
9.04783,-1123.09560
9.05285,-1123.09560
9.05786,-1123.09560
9.06288,-1121.48440
9.06790,-1123.09560
9.07291,-1123.09560
9.07793,-1123.09560
9.08294,-1123.09560
9.08796,-1123.09560
9.09297,-1123.09560
9.09799,-1123.09560
9.10300,-1123.09560
9.10802,-1123.09560
9.11303,-1123.09560
9.11805,-1123.09560
9.12307,-1123.09560
9.12808,-1123.09560
9.13310,-1123.09560
9.13811,-1123.09560
9.14313,-1123.09560
9.14814,-1123.09560
9.15316,-1121.48440
9.15817,-1123.09560
9.16319,-1123.09560
9.16820,-1121.48440
9.17322,-1121.48440
9.17823,-1121.48440
9.18325,-1121.48440
9.18826,-1121.48440
9.19328,-1121.48440
9.19829,-1123.09560
9.20331,-1123.09560
9.20832,-1121.48440
9.21334,-1123.09560
9.21835,-1121.48440
9.22337,-1123.09560
9.22838,-1123.09560
9.23340,-1121.48440
9.23841,-1123.09560
9.24343,-1121.48440
9.24845,-1121.48440
9.25346,-1121.48440
9.25848,-1121.48440
9.26349,-1121.48440
9.26851,-1123.09560
9.27352,-1121.48440
9.27854,-1121.48440
9.28355,-1121.48440
9.28857,-1121.48440
9.29359,-1121.48440
9.29860,-1121.48440
9.30362,-1121.48440
9.30863,-1121.48440
9.31365,-1121.48440
9.31866,-1121.48440
9.32368,-1119.87300
9.32869,-1119.87300
9.33371,-1119.87300
9.33872,-1119.87300
9.34374,-1119.87300
9.34875,-1119.87300
9.35376,-1119.87300
9.35878,-1119.87300
9.36379,-1119.87300
9.36881,-1119.87300
9.37383,-1119.87300
9.37884,-1119.87300
9.38386,-1119.87300
9.38887,-1119.87300
9.39389,-1119.87300
9.39890,-1119.87300
9.40392,-1119.87300
9.40893,-1119.87300
9.41395,-1119.87300
9.41897,-1119.87300
9.42398,-1119.87300
9.42900,-1119.87300
9.43401,-1121.48440
9.43903,-1119.87300
9.44404,-1121.48440
9.44906,-1119.87300
9.45407,-1121.48440
9.45909,-1121.48440
9.46410,-1121.48440
9.46912,-1119.87300
9.47414,-1119.87300
9.47915,-1121.48440
9.48417,-1121.48440
9.48918,-1121.48440
9.49420,-1121.48440
9.49921,-1121.48440
9.50422,-1121.48440
9.50924,-1121.48440
9.51425,-1121.48440
9.51927,-1121.48440
9.52428,-1121.48440
9.52930,-1121.48440
9.53431,-1121.48440
9.53933,-1121.48440
9.54434,-1121.48440
9.54936,-1121.48440
9.55438,-1121.48440
9.55939,-1121.48440
9.56441,-1121.48440
9.56942,-1123.09560
9.57444,-1123.09560
9.57945,-1121.48440
9.58447,-1121.48440
9.58948,-1123.09560
9.59450,-1123.09560
9.59952,-1123.09560
9.60453,-1123.09560
9.60955,-1123.09560
9.61456,-1123.09560
9.61958,-1123.09560
9.62459,-1123.09560
9.62961,-1123.09560
9.63462,-1123.09560
9.63964,-1123.09560
9.64466,-1123.09560
9.64967,-1123.09560
9.65469,-1124.70700
9.65970,-1124.70700
9.66471,-1123.09560
9.66973,-1124.70700
9.67474,-1124.70700
9.67976,-1124.70700
9.68477,-1124.70700
9.68979,-1124.70700
9.69480,-1124.70700
9.69982,-1124.70700
9.70483,-1124.70700
9.70985,-1124.70700
9.71486,-1124.70700
9.71988,-1126.31830
9.72490,-1126.31830
9.72991,-1126.31830
9.73493,-1126.31830
9.73994,-1126.31830
9.74496,-1126.31830
9.74997,-1126.31830
9.75499,-1127.92970
9.76000,-1126.31830
9.76502,-1126.31830
9.77004,-1127.92970
9.77505,-1127.92970
9.78007,-1126.31830
9.78508,-1126.31830
9.79010,-1126.31830
9.79511,-1126.31830
9.80013,-1126.31830
9.80514,-1126.31830
9.81016,-1126.31830
9.81517,-1126.31830
9.82019,-1126.31830
9.82520,-1126.31830
9.83022,-1126.31830
9.83523,-1126.31830
9.84024,-1126.31830
9.84526,-1126.31830
9.85028,-1126.31830
9.85529,-1126.31830
9.86031,-1126.31830
9.86532,-1127.92970
9.87034,-1127.92970
9.87535,-1127.92970
9.88037,-1127.92970
9.88538,-1127.92970
9.89040,-1127.92970
9.89541,-1127.92970
9.90043,-1127.92970
9.90545,-1126.31830
9.91046,-1127.92970
9.91548,-1126.31830
9.92049,-1127.92970
9.92551,-1126.31830
9.93052,-1126.31830
9.93554,-1127.92970
9.94055,-1126.31830
9.94557,-1126.31830
9.95059,-1126.31830
9.95560,-1127.92970
9.96062,-1126.31830
9.96563,-1127.92970
9.97065,-1127.92970
9.97566,-1127.92970
9.98068,-1127.92970
9.98569,-1127.92970
9.99071,-1127.92970
9.99572,-1127.92970
10.00073,-1126.31830
10.00575,-1126.31830
10.01076,-1126.31830
10.01578,-1126.31830
10.02079,-1126.31830
10.02581,-1126.31830
10.03083,-1126.31830
10.03584,-1126.31830
10.04086,-1126.31830
10.04587,-1126.31830
10.05089,-1126.31830
10.05590,-1126.31830
10.06092,-1127.92970
10.06593,-1126.31830
10.07095,-1127.92970
10.07597,-1126.31830
10.08098,-1126.31830
10.08600,-1126.31830
10.09101,-1126.31830
10.09603,-1127.92970
10.10104,-1127.92970
10.10606,-1127.92970
10.11107,-1127.92970
10.11609,-1127.92970
10.12111,-1126.31830
10.12612,-1126.31830
10.13114,-1126.31830
10.13615,-1126.31830
10.14117,-1126.31830
10.14618,-1126.31830
10.15119,-1127.92970
10.15621,-1126.31830
10.16122,-1126.31830
10.16624,-1126.31830
10.17125,-1126.31830
10.17627,-1126.31830
10.18128,-1127.92970
10.18630,-1126.31830
10.19131,-1126.31830
10.19633,-1126.31830
10.20134,-1126.31830
10.20636,-1126.31830
10.21138,-1126.31830
10.21639,-1126.31830
10.22141,-1126.31830
10.22642,-1126.31830
10.23144,-1126.31830
10.23645,-1126.31830
10.24147,-1126.31830
10.24648,-1126.31830
10.25150,-1124.70700
10.25652,-1124.70700
10.26153,-1124.70700
10.26655,-1124.70700
10.27156,-1124.70700
10.27658,-1124.70700
10.28159,-1124.70700
10.28661,-1124.70700
10.29162,-1124.70700
10.29664,-1124.70700
10.30166,-1124.70700
10.30667,-1124.70700
10.31168,-1124.70700
10.31670,-1124.70700
10.32171,-1123.09560
10.32673,-1124.70700
10.33174,-1123.09560
10.33676,-1123.09560
10.34177,-1123.09560
10.34679,-1123.09560
10.35180,-1123.09560
10.35682,-1123.09560
10.36183,-1123.09560
10.36685,-1123.09560
10.37186,-1123.09560
10.37688,-1123.09560
10.38190,-1123.09560
10.38691,-1123.09560
10.39193,-1123.09560
10.39694,-1123.09560
10.40196,-1123.09560
10.40697,-1123.09560
10.41199,-1123.09560
10.41700,-1123.09560
10.42202,-1123.09560
10.42704,-1123.09560
10.43205,-1123.09560
10.43707,-1123.09560
10.44208,-1123.09560
10.44710,-1123.09560
10.45211,-1123.09560
10.45713,-1123.09560
10.46214,-1123.09560
10.46716,-1123.09560
10.47217,-1123.09560
10.47719,-1123.09560
10.48220,-1123.09560
10.48722,-1121.48440
10.49223,-1121.48440
10.49724,-1121.48440
10.50226,-1121.48440
10.50727,-1123.09560
10.51229,-1121.48440
10.51731,-1121.48440
10.52232,-1121.48440
10.52734,-1121.48440
10.53235,-1121.48440
10.53737,-1121.48440
10.54238,-1121.48440
10.54740,-1121.48440
10.55241,-1121.48440
10.55743,-1121.48440
10.56245,-1119.87300
10.56746,-1119.87300
10.57248,-1119.87300
10.57749,-1119.87300
10.58251,-1119.87300
10.58752,-1121.48440
10.59254,-1119.87300
10.59755,-1119.87300
10.60257,-1119.87300
10.60759,-1119.87300
10.61260,-1119.87300
10.61762,-1119.87300
10.62263,-1119.87300
10.62765,-1118.26170
10.63266,-1118.26170
10.63768,-1119.87300
10.64269,-1119.87300
10.64771,-1118.26170
10.65272,-1118.26170
10.65773,-1118.26170
10.66275,-1118.26170
10.66776,-1118.26170
10.67278,-1118.26170
10.67779,-1118.26170
10.68281,-1119.87300
10.68783,-1118.26170
10.69284,-1118.26170
10.69786,-1118.26170
10.70287,-1118.26170
10.70789,-1118.26170
10.71290,-1118.26170
10.71792,-1116.65030
10.72293,-1118.26170
10.72795,-1118.26170
10.73297,-1116.65030
10.73798,-1116.65030
10.74300,-1116.65030
10.74801,-1116.65030
10.75303,-1116.65030
10.75804,-1116.65030
10.76306,-1116.65030
10.76807,-1116.65030
10.77309,-1116.65030
10.77811,-1116.65030
10.78312,-1116.65030
10.78814,-1116.65030
10.79315,-1116.65030
10.79816,-1116.65030
10.80318,-1116.65030
10.80819,-1116.65030
10.81321,-1116.65030
10.81822,-1116.65030
10.82324,-1116.65030
10.82825,-1116.65030
10.83327,-1116.65030
10.83828,-1116.65030
10.84330,-1116.65030
10.84831,-1116.65030
10.85333,-1115.03900
10.85834,-1115.03900
10.86336,-1115.03900
10.86838,-1115.03900
10.87339,-1115.03900
10.87841,-1113.42780
10.88342,-1115.03900
10.88844,-1113.42780
10.89345,-1115.03900
10.89847,-1113.42780
10.90348,-1115.03900
10.90850,-1115.03900
10.91352,-1115.03900
10.91853,-1115.03900
10.92355,-1115.03900
10.92856,-1115.03900
10.93358,-1115.03900
10.93859,-1113.42780
10.94361,-1113.42780
10.94862,-1113.42780
10.95364,-1113.42780
10.95865,-1113.42780
10.96367,-1113.42780
10.96868,-1113.42780
10.97370,-1113.42780
10.97871,-1113.42780
10.98372,-1113.42780
10.98874,-1113.42780
10.99376,-1113.42780
10.99877,-1111.81640
11.00379,-1111.81640
11.00880,-1111.81640
11.01382,-1110.20500
11.01883,-1110.20500
11.02385,-1110.20500
11.02886,-1110.20500
11.03388,-1110.20500
11.03890,-1110.20500
11.04391,-1110.20500
11.04893,-1110.20500
11.05394,-1110.20500
11.05896,-1110.20500
11.06397,-1110.20500
11.06899,-1110.20500
11.07400,-1110.20500
11.07902,-1110.20500
11.08404,-1110.20500
11.08905,-1110.20500
11.09407,-1110.20500
11.09908,-1110.20500
11.10410,-1110.20500
11.10911,-1110.20500
11.11413,-1110.20500
11.11914,-1110.20500
11.12416,-1110.20500
11.12917,-1110.20500
11.13419,-1110.20500
11.13920,-1110.20500
11.14421,-1110.20500
11.14923,-1110.20500
11.15424,-1110.20500
11.15926,-1110.20500
11.16427,-1110.20500
11.16929,-1110.20500
11.17431,-1110.20500
11.17932,-1110.20500
11.18434,-1108.59370
11.18935,-1108.59370
11.19437,-1108.59370
11.19938,-1108.59370
11.20440,-1108.59370
11.20941,-1110.20500
11.21443,-1108.59370
11.21945,-1108.59370
11.22446,-1108.59370
11.22948,-1108.59370
11.23449,-1108.59370
11.23951,-1108.59370
11.24452,-1106.98240
11.24954,-1108.59370
11.25455,-1108.59370
11.25957,-1108.59370
11.26459,-1108.59370
11.26960,-1108.59370
11.27462,-1108.59370
11.27963,-1108.59370
11.28465,-1108.59370
11.28966,-1108.59370
11.29467,-1108.59370
11.29969,-1106.98240
11.30470,-1108.59370
11.30972,-1106.98240
11.31473,-1106.98240
11.31975,-1106.98240
11.32476,-1106.98240
11.32978,-1106.98240
11.33479,-1106.98240
11.33981,-1106.98240
11.34483,-1106.98240
11.34984,-1106.98240
11.35486,-1106.98240
11.35987,-1105.37110
11.36489,-1106.98240
11.36990,-1105.37110
11.37492,-1105.37110
11.37993,-1105.37110
11.38495,-1105.37110
11.38997,-1105.37110
11.39498,-1105.37110
11.40000,-1105.37110
11.40501,-1105.37110
11.41003,-1105.37110
11.41504,-1105.37110
11.42006,-1105.37110
11.42507,-1105.37110
11.43009,-1105.37110
11.43511,-1105.37110
11.44012,-1105.37110
11.44514,-1105.37110
11.45015,-1106.98240
11.45516,-1105.37110
11.46018,-1105.37110
11.46519,-1105.37110
11.47021,-1105.37110
11.47522,-1106.98240
11.48024,-1105.37110
11.48525,-1105.37110
11.49027,-1106.98240
11.49528,-1106.98240
11.50030,-1106.98240
11.50531,-1105.37110
11.51033,-1106.98240
11.51534,-1105.37110
11.52036,-1106.98240
11.52538,-1105.37110
11.53039,-1105.37110
11.53541,-1105.37110
11.54042,-1105.37110
11.54544,-1105.37110
11.55045,-1105.37110
11.55547,-1105.37110
11.56048,-1105.37110
11.56550,-1105.37110
11.57052,-1105.37110
11.57553,-1105.37110
11.58055,-1105.37110
11.58556,-1105.37110
11.59058,-1105.37110
11.59559,-1105.37110
11.60061,-1105.37110
11.60562,-1105.37110
11.61064,-1105.37110
11.61565,-1105.37110
11.62067,-1105.37110
11.62568,-1105.37110
11.63070,-1106.98240
11.63571,-1105.37110
11.64073,-1105.37110
11.64574,-1105.37110
11.65076,-1105.37110
11.65577,-1103.75980
11.66079,-1105.37110
11.66580,-1103.75980
11.67082,-1103.75980
11.67583,-1103.75980
11.68085,-1103.75980
11.68586,-1103.75980
11.69088,-1103.75980
11.69590,-1103.75980
11.70091,-1103.75980
11.70593,-1103.75980
11.71094,-1103.75980
11.71596,-1103.75980
11.72097,-1103.75980
11.72599,-1103.75980
11.73100,-1103.75980
11.73602,-1103.75980
11.74104,-1105.37110
11.74605,-1103.75980
11.75107,-1103.75980
11.75608,-1103.75980
11.76110,-1103.75980
11.76611,-1103.75980
11.77113,-1103.75980
11.77614,-1103.75980
11.78116,-1103.75980
11.78617,-1103.75980
11.79119,-1103.75980
11.79620,-1103.75980
11.80121,-1103.75980
11.80623,-1103.75980
11.81124,-1103.75980
11.81626,-1103.75980
11.82127,-1103.75980
11.82629,-1103.75980
11.83131,-1103.75980
11.83632,-1103.75980
11.84134,-1103.75980
11.84635,-1102.14840
11.85137,-1102.14840
11.85638,-1102.14840
11.86140,-1102.14840
11.86641,-1100.53710
11.87143,-1100.53710
11.87645,-1100.53710
11.88146,-1100.53710
11.88648,-1100.53710
11.89149,-1098.92570
11.89651,-1098.92570
11.90152,-1098.92570
11.90654,-1098.92570
11.91155,-1097.31450
11.91657,-1098.92570
11.92159,-1097.31450
11.92660,-1098.92570
11.93162,-1098.92570
11.93663,-1097.31450
11.94165,-1098.92570
11.94666,-1097.31450
11.95167,-1098.92570
11.95669,-1097.31450
11.96170,-1097.31450
11.96672,-1097.31450
11.97173,-1097.31450
11.97675,-1097.31450
11.98176,-1097.31450
11.98678,-1097.31450
11.99179,-1097.31450
11.99681,-1097.31450
12.00183,-1097.31450
12.00684,-1097.31450
12.01186,-1097.31450
12.01687,-1097.31450
12.02189,-1097.31450
12.02690,-1097.31450
12.03192,-1097.31450
12.03693,-1097.31450
12.04195,-1097.31450
12.04697,-1097.31450
12.05198,-1097.31450
12.05700,-1097.31450
12.06201,-1097.31450
12.06703,-1097.31450
12.07204,-1097.31450
12.07706,-1097.31450
12.08207,-1097.31450
12.08709,-1097.31450
12.09211,-1097.31450
12.09712,-1097.31450
12.10214,-1097.31450
12.10715,-1097.31450
12.11216,-1097.31450
12.11718,-1097.31450
12.12219,-1097.31450
12.12721,-1095.70310
12.13222,-1095.70310
12.13724,-1095.70310
12.14225,-1095.70310
12.14727,-1095.70310
12.15228,-1095.70310
12.15730,-1094.09180
12.16231,-1094.09180
12.16733,-1094.09180
12.17234,-1094.09180
12.17736,-1094.09180
12.18238,-1095.70310
12.18739,-1095.70310
12.19241,-1095.70310
12.19742,-1097.31450
12.20244,-1097.31450
12.20745,-1097.31450
12.21247,-1097.31450
12.21749,-1097.31450
12.22250,-1097.31450
12.22752,-1097.31450
12.23253,-1097.31450
12.23755,-1097.31450
12.24256,-1098.92570
12.24758,-1097.31450
12.25259,-1097.31450
12.25761,-1097.31450
12.26262,-1097.31450
12.26764,-1097.31450
12.27265,-1097.31450
12.27767,-1097.31450
12.28268,-1097.31450
12.28769,-1097.31450
12.29271,-1098.92570
12.29772,-1097.31450
12.30274,-1097.31450
12.30776,-1097.31450
12.31277,-1097.31450
12.31779,-1097.31450
12.32280,-1098.92570
12.32782,-1097.31450
12.33283,-1097.31450
12.33785,-1097.31450
12.34286,-1097.31450
12.34788,-1097.31450
12.35290,-1097.31450
12.35791,-1097.31450
12.36293,-1097.31450
12.36794,-1097.31450
12.37296,-1097.31450
12.37797,-1097.31450
12.38299,-1097.31450
12.38800,-1097.31450
12.39302,-1097.31450
12.39804,-1097.31450
12.40305,-1097.31450
12.40807,-1097.31450
12.41308,-1095.70310
12.41810,-1095.70310
12.42311,-1095.70310
12.42813,-1094.09180
12.43314,-1092.48040
12.43816,-1092.48040
12.44317,-1092.48040
12.44818,-1092.48040
12.45320,-1092.48040
12.45821,-1090.86910
12.46323,-1090.86910
12.46824,-1090.86910
12.47326,-1090.86910
12.47828,-1089.25780
12.48329,-1089.25780
12.48831,-1087.64650
12.49332,-1087.64650
12.49834,-1087.64650
12.50335,-1087.64650
12.50837,-1087.64650
12.51338,-1089.25780
12.51840,-1092.48040
12.52342,-1095.70310
12.52843,-1100.53710
12.53345,-1106.98240
12.53846,-1113.42780
12.54348,-1121.48440
12.54849,-1129.54100
12.55351,-1135.98630
12.55852,-1140.82030
12.56354,-1144.04300
12.56856,-1140.82030
12.57357,-663.86720
12.57859,-407.66600
12.58360,-291.65038
12.58862,-204.63867
12.59363,-141.79687
12.59864,-96.67969
12.60366,-64.45312
12.60867,-43.50586
12.61369,-29.00390
12.61870,-20.94726
12.62372,-14.50195
12.62873,-9.66797
12.63375,-8.05664
12.63876,-4.83398
12.64378,-4.83398
12.64879,-3.22266
12.65381,-3.22266
12.65883,-1.61133
12.66384,-1.61133
12.66886,0.00000
12.67387,-1.61133
12.67889,-1.61133
12.68390,0.00000
12.68892,0.00000
12.69393,0.00000
12.69895,0.00000
12.70397,0.00000
12.70898,0.00000
12.71400,0.00000
12.71901,0.00000
12.72403,0.00000
12.72904,0.00000
12.73406,0.00000
12.73907,0.00000
12.74409,0.00000
12.74911,0.00000
12.75412,0.00000
12.75913,0.00000
12.76415,0.00000
12.76916,-1.61133
12.77418,0.00000
12.77919,0.00000
12.78421,0.00000
12.78922,0.00000
12.79424,0.00000
12.79925,0.00000
12.80427,0.00000
12.80928,0.00000
12.81430,0.00000
12.81931,0.00000
12.82433,0.00000
12.82935,0.00000
12.83436,0.00000
12.83938,0.00000
12.84439,0.00000
12.84941,0.00000
12.85442,0.00000
12.85944,0.00000
12.86445,0.00000
12.86947,0.00000
12.87449,0.00000
12.87950,0.00000
12.88452,0.00000
12.88953,0.00000
12.89455,0.00000
12.89956,0.00000
12.90458,0.00000
12.90959,0.00000
12.91461,0.00000
12.91962,0.00000
12.92464,0.00000
12.92965,0.00000
12.93467,0.00000
12.93968,0.00000
12.94470,0.00000
12.94971,0.00000
12.95472,0.00000
12.95974,0.00000
12.96476,0.00000
12.96977,0.00000
12.97479,0.00000
12.97980,0.00000
12.98482,0.00000
12.98983,0.00000
12.99485,0.00000
12.99986,0.00000
13.00488,0.00000
13.00990,0.00000
13.01491,0.00000
13.01993,0.00000
13.02494,0.00000
13.02996,0.00000
13.03497,0.00000
13.03999,0.00000
13.04500,0.00000
13.05002,0.00000
13.05504,0.00000
13.06005,0.00000
13.06507,0.00000
13.07008,0.00000
13.07510,0.00000
13.08011,0.00000
13.08513,0.00000
13.09014,0.00000
13.09515,0.00000
13.10017,0.00000
13.10518,0.00000
13.11020,0.00000
13.11521,0.00000
13.12023,0.00000
13.12524,0.00000
13.13026,0.00000
13.13528,0.00000
13.14029,0.00000
13.14531,0.00000
13.15032,0.00000
13.15534,0.00000
13.16035,0.00000
13.16537,0.00000
13.17038,0.00000
13.17540,0.00000
13.18042,-1.61133
13.18543,0.00000
13.19045,0.00000
13.19546,0.00000
13.20048,0.00000
13.20549,0.00000
13.21051,0.00000
13.21552,0.00000
13.22054,0.00000
13.22556,0.00000
13.23057,0.00000
13.23559,0.00000
13.24060,0.00000
13.24562,0.00000
13.25063,0.00000
13.25564,0.00000
13.26066,0.00000
13.26567,0.00000
13.27069,0.00000
13.27570,0.00000
13.28072,0.00000
13.28573,0.00000
13.29075,0.00000
13.29576,0.00000
13.30078,0.00000
13.30579,0.00000
13.31081,0.00000
13.31583,0.00000
13.32084,0.00000
13.32586,0.00000
13.33087,0.00000
13.33589,0.00000
13.34090,0.00000
13.34592,0.00000
13.35094,0.00000
13.35595,0.00000
13.36097,0.00000
13.36598,0.00000
13.37100,0.00000
13.37601,0.00000
13.38103,0.00000
13.38604,0.00000
13.39106,0.00000
13.39608,0.00000
13.40109,0.00000
13.40610,0.00000
13.41112,0.00000
13.41613,0.00000
13.42115,0.00000
13.42616,0.00000
13.43118,0.00000
13.43619,0.00000
13.44121,0.00000
13.44622,0.00000
13.45124,0.00000
13.45625,0.00000
13.46127,0.00000
13.46628,0.00000
13.47130,0.00000
13.47631,0.00000
13.48133,-1.61133
13.48635,0.00000
13.49136,0.00000
13.49638,0.00000
13.50139,0.00000
13.50641,0.00000
13.51142,0.00000
13.51644,0.00000
13.52145,0.00000
13.52647,0.00000
13.53149,0.00000
13.53650,0.00000
13.54152,0.00000
13.54653,0.00000
13.55155,0.00000
13.55656,0.00000
13.56158,0.00000
13.56659,0.00000
13.57161,0.00000
13.57662,0.00000
13.58164,0.00000
13.58665,0.00000
13.59166,-1.61133
13.59668,0.00000
13.60169,0.00000
13.60671,0.00000
13.61173,0.00000
13.61674,0.00000
13.62176,0.00000
13.62677,0.00000
13.63179,0.00000
13.63680,0.00000
13.64182,0.00000
13.64683,0.00000
13.65185,0.00000
13.65687,0.00000
13.66188,0.00000
13.66690,0.00000
13.67191,0.00000
13.67693,0.00000
13.68194,0.00000
13.68696,0.00000
13.69197,0.00000
13.69699,0.00000
13.70201,0.00000
13.70702,0.00000
13.71204,0.00000
13.71705,0.00000
13.72207,0.00000
13.72708,-1.61133
13.73210,0.00000
13.73711,0.00000
13.74212,0.00000
13.74714,0.00000
13.75215,0.00000
13.75717,0.00000
13.76218,0.00000
13.76720,0.00000
13.77221,0.00000
13.77723,0.00000
13.78224,0.00000
13.78726,0.00000
13.79228,0.00000
13.79729,0.00000
13.80231,0.00000
13.80732,0.00000
13.81234,0.00000
13.81735,0.00000
13.82237,0.00000
13.82738,0.00000
13.83240,0.00000
13.83742,0.00000
13.84243,0.00000
13.84745,0.00000
13.85246,0.00000
13.85748,0.00000
13.86249,0.00000
13.86751,0.00000
13.87252,0.00000
13.87754,0.00000
13.88256,0.00000
13.88757,0.00000
13.89259,0.00000
13.89760,0.00000
13.90261,0.00000
13.90763,0.00000
13.91264,0.00000
13.91766,0.00000
13.92267,0.00000
13.92769,0.00000
13.93270,0.00000
13.93772,0.00000
13.94273,0.00000
13.94775,0.00000
13.95276,0.00000
13.95778,0.00000
13.96280,0.00000
13.96781,0.00000
13.97283,0.00000
13.97784,0.00000
13.98286,0.00000
13.98787,0.00000
13.99289,0.00000
13.99790,0.00000
14.00292,0.00000
14.00794,0.00000
14.01295,0.00000
14.01797,0.00000
14.02298,0.00000
14.02800,0.00000
14.03301,0.00000
14.03803,0.00000
14.04304,0.00000
14.04806,0.00000
14.05307,0.00000
14.05809,0.00000
14.06310,0.00000
14.06812,0.00000
14.07313,0.00000
14.07814,0.00000
14.08316,0.00000
14.08818,0.00000
14.09319,0.00000
14.09821,0.00000
14.10322,0.00000
14.10824,0.00000
14.11325,0.00000
14.11827,0.00000
14.12328,0.00000
14.12830,0.00000
14.13331,0.00000
14.13833,0.00000
14.14335,0.00000
14.14836,0.00000
14.15338,0.00000
14.15839,0.00000
14.16341,0.00000
14.16842,0.00000
14.17344,0.00000
14.17845,0.00000
14.18347,0.00000
14.18849,0.00000
14.19350,0.00000
14.19852,0.00000
14.20353,0.00000
14.20855,0.00000
14.21356,0.00000
14.21858,0.00000
14.22359,0.00000
14.22861,0.00000
14.23362,0.00000
14.23864,0.00000
14.24365,0.00000
14.24867,0.00000
14.25368,0.00000
14.25869,0.00000
14.26371,0.00000
14.26873,0.00000
14.27374,0.00000
14.27876,0.00000
14.28377,0.00000
14.28879,0.00000
14.29380,0.00000
14.29882,0.00000
14.30383,0.00000
14.30885,0.00000
14.31387,0.00000
14.31888,0.00000
14.32390,0.00000
14.32891,0.00000
14.33393,0.00000
14.33894,0.00000
14.34396,0.00000
14.34897,0.00000
14.35399,0.00000
14.35901,0.00000
14.36402,0.00000
14.36904,0.00000
14.37405,0.00000
14.37907,0.00000
14.38408,0.00000
14.38909,0.00000
14.39411,0.00000
14.39912,-1.61133
14.40414,-1.61133
14.40915,0.00000
14.41417,0.00000
14.41918,0.00000
14.42420,0.00000
14.42921,0.00000
14.43423,0.00000
14.43924,0.00000
14.44426,0.00000
14.44928,0.00000
14.45429,0.00000
14.45931,0.00000
14.46432,0.00000
14.46934,0.00000
14.47435,0.00000
14.47937,0.00000
14.48438,0.00000
14.48940,0.00000
14.49442,0.00000
14.49943,0.00000
14.50445,0.00000
14.50946,0.00000
14.51448,0.00000
14.51949,0.00000
14.52451,0.00000
14.52952,0.00000
14.53454,0.00000
14.53956,0.00000
14.54457,0.00000
14.54958,0.00000
14.55460,0.00000
14.55961,0.00000
14.56463,0.00000
14.56964,-1.61133
14.57466,0.00000
14.57967,0.00000
14.58469,0.00000
14.58970,0.00000
14.59472,0.00000
14.59973,0.00000
14.60475,0.00000
14.60976,0.00000
14.61478,0.00000
14.61980,0.00000
14.62481,0.00000
14.62983,0.00000
14.63484,0.00000
14.63986,0.00000
14.64487,0.00000
14.64989,0.00000
14.65490,0.00000
14.65992,0.00000
14.66494,0.00000
14.66995,0.00000
14.67497,0.00000
14.67998,0.00000
14.68500,0.00000
14.69001,0.00000
14.69503,0.00000
14.70004,0.00000
14.70506,0.00000
14.71007,0.00000
14.71509,-1.61133
14.72010,0.00000
14.72512,0.00000
14.73013,0.00000
14.73515,0.00000
14.74016,0.00000
14.74517,0.00000
14.75019,0.00000
14.75521,0.00000
14.76022,0.00000
14.76524,0.00000
14.77025,0.00000
14.77527,0.00000
14.78028,0.00000
14.78530,0.00000
14.79031,0.00000
14.79533,0.00000
14.80035,0.00000
14.80536,0.00000
14.81038,0.00000
14.81539,0.00000
14.82041,0.00000
14.82542,0.00000
14.83044,0.00000
14.83546,0.00000
14.84047,0.00000
14.84549,0.00000
14.85050,0.00000
14.85552,0.00000
14.86053,0.00000
14.86555,0.00000
14.87056,0.00000
14.87558,0.00000
14.88059,0.00000
14.88560,0.00000
14.89062,0.00000
14.89563,0.00000
14.90065,0.00000
14.90566,0.00000
14.91068,0.00000
14.91569,0.00000
14.92071,0.00000
14.92573,0.00000
14.93074,0.00000
14.93576,0.00000
14.94077,0.00000
14.94579,0.00000
14.95080,0.00000
14.95582,0.00000
14.96083,0.00000
14.96585,0.00000
14.97087,0.00000
14.97588,0.00000
14.98090,0.00000
14.98591,0.00000
14.99093,0.00000
14.99594,0.00000
15.00096,0.00000
15.00597,0.00000
15.01099,0.00000
15.01601,0.00000
15.02102,0.00000
15.02604,0.00000
15.03105,0.00000
15.03607,0.00000
15.04108,0.00000
15.04609,0.00000
15.05111,0.00000
15.05612,0.00000
15.06114,0.00000
15.06615,0.00000
15.07117,0.00000
15.07618,0.00000
15.08120,0.00000
15.08621,0.00000
15.09123,0.00000
15.09625,0.00000
15.10126,0.00000
15.10628,0.00000
15.11129,0.00000
15.11631,0.00000
15.12132,0.00000
15.12634,0.00000
15.13135,0.00000
15.13637,0.00000
15.14139,0.00000
15.14640,0.00000
15.15142,0.00000
15.15643,0.00000
15.16145,0.00000
15.16646,0.00000
15.17148,0.00000
15.17649,0.00000
15.18151,0.00000
15.18653,0.00000
15.19154,0.00000
15.19656,0.00000
15.20157,0.00000
15.20658,0.00000
15.21160,0.00000
15.21661,0.00000
15.22163,0.00000
15.22664,0.00000
15.23166,0.00000
15.23667,0.00000
15.24169,0.00000
15.24670,0.00000
15.25172,0.00000
15.25673,0.00000
15.26175,0.00000
15.26676,0.00000
15.27178,0.00000
15.27680,0.00000
15.28181,0.00000
15.28683,0.00000
15.29184,0.00000
15.29686,0.00000
15.30187,0.00000
15.30689,0.00000
15.31190,0.00000
15.31692,0.00000
15.32194,0.00000
15.32695,0.00000
15.33197,0.00000
15.33698,0.00000
15.34200,0.00000
15.34701,0.00000
15.35203,0.00000
15.35704,0.00000
15.36206,0.00000
15.36707,0.00000
15.37209,0.00000
15.37710,0.00000
15.38212,0.00000
15.38713,0.00000
15.39215,0.00000
15.39716,0.00000
15.40218,0.00000
15.40719,0.00000
15.41221,0.00000
15.41722,0.00000
15.42224,0.00000
15.42725,0.00000
15.43227,0.00000
15.43728,0.00000
15.44230,0.00000
15.44732,0.00000
15.45233,0.00000
15.45735,0.00000
15.46236,0.00000
15.46738,0.00000
15.47239,0.00000
15.47741,0.00000
15.48242,0.00000
15.48744,0.00000
15.49246,0.00000
15.49747,0.00000
15.50249,0.00000
15.50750,0.00000
15.51252,0.00000
15.51753,0.00000
15.52255,0.00000
15.52756,0.00000
15.53258,0.00000
15.53759,0.00000
15.54260,0.00000
15.54762,0.00000
15.55264,0.00000
15.55765,0.00000
15.56266,0.00000
15.56768,0.00000
15.57269,0.00000
15.57771,0.00000
15.58273,0.00000
15.58774,0.00000
15.59276,0.00000
15.59777,0.00000
15.60279,0.00000
15.60780,0.00000
15.61282,0.00000
15.61783,0.00000
15.62285,0.00000
15.62787,0.00000
15.63288,0.00000
15.63790,0.00000
15.64291,0.00000
15.64793,0.00000
15.65294,0.00000
15.65796,0.00000
15.66297,0.00000
15.66799,0.00000
15.67301,0.00000
15.67802,0.00000
15.68304,0.00000
15.68805,0.00000
15.69307,0.00000
15.69808,0.00000
15.70309,0.00000
15.70811,0.00000
15.71312,0.00000
15.71814,0.00000
15.72315,0.00000
15.72817,0.00000
15.73318,0.00000
15.73820,0.00000
15.74321,0.00000
15.74823,0.00000
15.75325,0.00000
15.75826,0.00000
15.76328,0.00000
15.76829,0.00000
15.77331,0.00000
15.77832,0.00000
15.78334,0.00000
15.78835,0.00000
15.79337,0.00000
15.79839,0.00000
15.80340,0.00000
15.80842,0.00000
15.81343,0.00000
15.81845,-1.61133
15.82346,0.00000
15.82848,0.00000
15.83349,0.00000
15.83851,0.00000
15.84352,0.00000
15.84854,0.00000
15.85355,0.00000
15.85857,0.00000
15.86358,0.00000
15.86860,0.00000
15.87361,0.00000
15.87863,0.00000
15.88364,0.00000
15.88866,0.00000
15.89367,0.00000
15.89869,0.00000
15.90370,0.00000
15.90872,0.00000
15.91373,0.00000
15.91875,0.00000
15.92376,0.00000
15.92878,0.00000
15.93380,0.00000
15.93881,0.00000
15.94383,0.00000
15.94884,0.00000
15.95386,0.00000
15.95887,0.00000
15.96389,0.00000
15.96890,0.00000
15.97392,0.00000
15.97894,0.00000
15.98395,0.00000
15.98897,0.00000
15.99398,0.00000
15.99900,0.00000
16.00401,0.00000
16.00903,0.00000
16.01404,0.00000
16.01906,0.00000
16.02407,0.00000
16.02908,0.00000
16.03410,-1.61133
16.03911,0.00000
16.04413,0.00000
16.04914,0.00000
16.05416,0.00000
16.05918,0.00000
16.06419,0.00000
16.06921,0.00000
16.07422,0.00000
16.07924,0.00000
16.08425,0.00000
16.08927,0.00000
16.09428,0.00000
16.09930,0.00000
16.10432,0.00000
16.10933,0.00000
16.11435,0.00000
16.11936,0.00000
16.12438,0.00000
16.12939,0.00000
16.13441,0.00000
16.13942,0.00000
16.14444,0.00000
16.14946,0.00000
16.15447,0.00000
16.15949,0.00000
16.16450,0.00000
16.16952,0.00000
16.17453,0.00000
16.17955,0.00000
16.18456,0.00000
16.18958,0.00000
16.19459,0.00000
16.19960,0.00000
16.20462,0.00000
16.20963,0.00000
16.21465,0.00000
16.21966,0.00000
16.22468,0.00000
16.22970,0.00000
16.23471,0.00000
16.23973,0.00000
16.24474,0.00000
16.24976,0.00000
16.25477,0.00000
16.25979,0.00000
16.26480,0.00000
16.26982,0.00000
16.27484,0.00000
16.27985,0.00000
16.28487,0.00000
16.28988,0.00000
16.29490,0.00000
16.29991,0.00000
16.30493,0.00000
16.30994,0.00000
16.31496,0.00000
16.31998,0.00000
16.32499,0.00000
16.33001,0.00000
16.33502,0.00000
16.34004,0.00000
16.34505,0.00000
16.35006,0.00000
16.35508,-1.61133
16.36009,0.00000
16.36511,0.00000
16.37012,0.00000
16.37514,0.00000
16.38015,0.00000
16.38517,0.00000
16.39018,0.00000
16.39520,0.00000
16.40021,0.00000
16.40523,-1.61133
16.41025,0.00000
16.41526,0.00000
16.42028,0.00000
16.42529,0.00000
16.43031,0.00000
16.43532,0.00000
16.44034,0.00000
16.44535,0.00000
16.45037,0.00000
16.45539,0.00000
16.46040,0.00000
16.46542,0.00000
16.47043,0.00000
16.47545,0.00000
16.48046,0.00000
16.48548,0.00000
16.49049,0.00000
16.49551,0.00000
16.50052,0.00000
16.50554,0.00000
16.51055,0.00000
16.51557,0.00000
16.52058,0.00000
16.52559,0.00000
16.53061,0.00000
16.53563,0.00000
16.54064,0.00000
16.54566,0.00000
16.55067,0.00000
16.55569,0.00000
16.56070,0.00000
16.56572,0.00000
16.57073,0.00000
16.57575,0.00000
16.58077,0.00000
16.58578,0.00000
16.59080,0.00000
16.59581,0.00000
16.60083,0.00000
16.60584,0.00000
16.61086,0.00000
16.61587,0.00000
16.62089,0.00000
16.62591,0.00000
16.63092,0.00000
16.63594,0.00000
16.64095,0.00000
16.64597,0.00000
16.65098,0.00000
16.65600,0.00000
16.66101,0.00000
16.66603,0.00000
16.67104,0.00000
16.67606,0.00000
16.68107,0.00000
16.68608,0.00000
16.69110,0.00000
16.69611,0.00000
16.70113,0.00000
16.70614,0.00000
16.71116,0.00000
16.71618,0.00000
16.72119,0.00000
16.72621,0.00000
16.73122,0.00000
16.73624,0.00000
16.74125,0.00000
16.74627,0.00000
16.75128,0.00000
16.75630,0.00000
16.76132,0.00000
16.76633,0.00000
16.77135,0.00000
16.77636,0.00000
16.78138,0.00000
16.78639,0.00000
16.79141,0.00000
16.79642,0.00000
16.80144,0.00000
16.80646,0.00000
16.81147,0.00000
16.81649,0.00000
16.82150,0.00000
16.82652,0.00000
16.83153,0.00000
16.83655,0.00000
16.84156,0.00000
16.84657,0.00000
16.85159,0.00000
16.85660,0.00000
16.86162,0.00000
16.86663,0.00000
16.87165,0.00000
16.87666,0.00000
16.88168,0.00000
16.88670,0.00000
16.89171,0.00000
16.89673,0.00000
16.90174,0.00000
16.90676,0.00000
16.91177,0.00000
16.91679,0.00000
16.92180,0.00000
16.92682,0.00000
16.93184,0.00000
16.93685,0.00000
16.94187,0.00000
16.94688,0.00000
16.95190,0.00000
16.95691,0.00000
16.96193,0.00000
16.96694,0.00000
16.97196,0.00000
16.97698,0.00000
16.98199,0.00000
16.98701,0.00000
16.99202,0.00000
16.99703,0.00000
17.00205,0.00000
17.00706,0.00000
17.01208,0.00000
17.01709,0.00000
17.02211,0.00000
17.02712,0.00000
17.03214,0.00000
17.03715,0.00000
17.04217,0.00000
17.04718,0.00000
17.05220,0.00000
17.05721,0.00000
17.06223,0.00000
17.06725,0.00000
17.07226,0.00000
17.07728,0.00000
17.08229,0.00000
17.08731,0.00000
17.09232,0.00000
17.09734,0.00000
17.10235,0.00000
17.10737,0.00000
17.11239,0.00000
17.11740,0.00000
17.12242,0.00000
17.12743,0.00000
17.13245,0.00000
17.13746,0.00000
17.14248,0.00000
17.14749,0.00000
17.15251,0.00000
17.15752,0.00000
17.16254,0.00000
17.16755,0.00000
17.17257,0.00000
17.17758,0.00000
17.18260,0.00000
17.18761,0.00000
17.19263,0.00000
17.19764,0.00000
17.20266,0.00000
17.20767,0.00000
17.21269,0.00000
17.21770,0.00000
17.22272,0.00000
17.22773,0.00000
17.23275,0.00000
17.23777,0.00000
17.24278,0.00000
17.24780,0.00000
17.25281,0.00000
17.25783,0.00000
17.26284,0.00000
17.26786,-1.61133
17.27287,0.00000
17.27789,0.00000
17.28291,0.00000
17.28792,0.00000
17.29294,0.00000
17.29795,0.00000
17.30297,0.00000
17.30798,0.00000
17.31300,0.00000
17.31801,0.00000
17.32303,0.00000
17.32804,0.00000
17.33306,0.00000
17.33807,0.00000
17.34308,0.00000
17.34810,0.00000
17.35311,0.00000
17.35813,0.00000
17.36314,0.00000
17.36816,0.00000
17.37318,0.00000
17.37819,0.00000
17.38321,0.00000
17.38822,0.00000
17.39324,0.00000
17.39825,0.00000
17.40327,0.00000
17.40828,0.00000
17.41330,0.00000
17.41832,0.00000
17.42333,0.00000
17.42835,0.00000
17.43336,0.00000
17.43838,0.00000
17.44339,0.00000
17.44841,0.00000
17.45342,0.00000
17.45844,0.00000
17.46346,0.00000
17.46847,0.00000
17.47349,0.00000
17.47850,0.00000
17.48352,0.00000
17.48853,0.00000
17.49354,0.00000
17.49856,0.00000
17.50357,0.00000
17.50859,0.00000
17.51360,0.00000
17.51862,0.00000
17.52363,0.00000
17.52865,0.00000
17.53366,0.00000
17.53868,0.00000
17.54370,0.00000
17.54871,0.00000
17.55373,0.00000
17.55874,0.00000
17.56376,0.00000
17.56877,0.00000
17.57379,0.00000
17.57880,0.00000
17.58382,0.00000
17.58884,0.00000
17.59385,0.00000
17.59887,0.00000
17.60388,0.00000
17.60890,0.00000
17.61391,0.00000
17.61893,0.00000
17.62394,0.00000
17.62896,0.00000
17.63398,0.00000
17.63899,0.00000
17.64400,0.00000
17.64902,0.00000
17.65403,0.00000
17.65905,0.00000
17.66406,0.00000
17.66908,0.00000
17.67409,0.00000
17.67911,0.00000
17.68412,0.00000
17.68914,0.00000
17.69415,0.00000
17.69917,0.00000
17.70418,0.00000
17.70920,0.00000
17.71421,0.00000
17.71923,0.00000
17.72425,0.00000
17.72926,0.00000
17.73428,0.00000
17.73929,0.00000
17.74431,0.00000
17.74932,0.00000
17.75434,0.00000
17.75936,0.00000
17.76437,0.00000
17.76939,0.00000
17.77440,0.00000
17.77942,0.00000
17.78443,0.00000
17.78945,0.00000
17.79446,0.00000
17.79948,0.00000
17.80449,0.00000
17.80951,0.00000
17.81452,0.00000
17.81954,0.00000
17.82455,0.00000
17.82956,0.00000
17.83458,0.00000
17.83959,0.00000
17.84461,0.00000
17.84963,0.00000
17.85464,0.00000
17.85966,0.00000
17.86467,0.00000
17.86969,0.00000
17.87470,0.00000
17.87972,0.00000
17.88473,0.00000
17.88975,0.00000
17.89477,0.00000
17.89978,0.00000
17.90480,0.00000
17.90981,0.00000
17.91483,0.00000
17.91984,0.00000
17.92486,0.00000
17.92987,0.00000
17.93489,0.00000
17.93991,0.00000
17.94492,0.00000
17.94994,0.00000
17.95495,0.00000
17.95997,0.00000
17.96498,0.00000
17.97000,0.00000
17.97501,0.00000
17.98003,0.00000
17.98504,0.00000
17.99005,0.00000
17.99507,0.00000
18.00008,0.00000
18.00510,0.00000
18.01011,0.00000
18.01513,-1.61133
18.02015,0.00000
18.02516,0.00000
18.03018,0.00000
18.03519,0.00000
18.04021,0.00000
18.04522,0.00000
18.05024,0.00000
18.05525,0.00000
18.06027,0.00000
18.06529,0.00000
18.07030,0.00000
18.07532,0.00000
18.08033,0.00000
18.08535,0.00000
18.09036,0.00000
18.09538,0.00000
18.10039,0.00000
18.10541,0.00000
18.11043,0.00000
18.11544,0.00000
18.12046,0.00000
18.12547,0.00000
18.13049,0.00000
18.13550,0.00000
18.14051,0.00000
18.14553,0.00000
18.15054,0.00000
18.15556,0.00000
18.16057,0.00000
18.16559,0.00000
18.17060,0.00000
18.17562,0.00000
18.18063,0.00000
18.18565,0.00000
18.19066,0.00000
18.19568,0.00000
18.20070,0.00000
18.20571,0.00000
18.21073,0.00000
18.21574,0.00000
18.22076,0.00000
18.22577,0.00000
18.23079,0.00000
18.23580,0.00000
18.24082,0.00000
18.24584,0.00000
18.25085,0.00000
18.25587,0.00000
18.26088,0.00000
18.26590,0.00000
18.27091,0.00000
18.27593,0.00000
18.28094,0.00000
18.28596,0.00000
18.29097,0.00000
18.29599,0.00000
18.30100,0.00000
18.30602,0.00000
18.31103,0.00000
18.31605,0.00000
18.32106,0.00000
18.32608,0.00000
18.33109,0.00000
18.33611,0.00000
18.34112,0.00000
18.34614,0.00000
18.35115,0.00000
18.35617,0.00000
18.36118,0.00000
18.36620,0.00000
18.37122,0.00000
18.37623,0.00000
18.38125,0.00000
18.38626,0.00000
18.39128,0.00000
18.39629,0.00000
18.40131,0.00000
18.40632,0.00000
18.41134,0.00000
18.41636,0.00000
18.42137,0.00000
18.42639,0.00000
18.43140,0.00000
18.43642,0.00000
18.44143,0.00000
18.44645,0.00000
18.45146,0.00000
18.45648,0.00000
18.46149,0.00000
18.46651,0.00000
18.47152,0.00000
18.47653,0.00000
18.48155,0.00000
18.48657,0.00000
18.49158,0.00000
18.49659,0.00000
18.50161,0.00000
18.50663,0.00000
18.51164,0.00000
18.51666,0.00000
18.52167,0.00000
18.52669,0.00000
18.53170,0.00000
18.53672,0.00000
18.54173,0.00000
18.54675,0.00000
18.55177,0.00000
18.55678,0.00000
18.56180,0.00000
18.56681,0.00000
18.57183,0.00000
18.57684,0.00000
18.58186,0.00000
18.58687,0.00000
18.59189,0.00000
18.59691,0.00000
18.60192,0.00000
18.60694,0.00000
18.61195,0.00000
18.61697,0.00000
18.62198,0.00000
18.62700,0.00000
18.63201,0.00000
18.63702,0.00000
18.64204,0.00000
18.64705,0.00000
18.65207,0.00000
18.65708,0.00000
18.66210,0.00000
18.66711,0.00000
18.67213,0.00000
18.67715,0.00000
18.68216,0.00000
18.68718,0.00000
18.69219,0.00000
18.69721,0.00000
18.70222,0.00000
18.70724,0.00000
18.71225,0.00000
18.71727,0.00000
18.72229,0.00000
18.72730,0.00000
18.73232,0.00000
18.73733,0.00000
18.74235,0.00000
18.74736,0.00000
18.75238,0.00000
18.75739,0.00000
18.76241,0.00000
18.76743,0.00000
18.77244,0.00000
18.77746,0.00000
18.78247,0.00000
18.78749,0.00000
18.79250,0.00000
18.79751,0.00000
18.80253,0.00000
18.80754,0.00000
18.81256,0.00000
18.81757,0.00000
18.82259,0.00000
18.82760,0.00000
18.83262,0.00000
18.83763,0.00000
18.84265,0.00000
18.84766,0.00000
18.85268,0.00000
18.85770,0.00000
18.86271,0.00000
18.86773,0.00000
18.87274,0.00000
18.87776,0.00000
18.88277,0.00000
18.88779,0.00000
18.89281,0.00000
18.89782,0.00000
18.90284,0.00000
18.90785,0.00000
18.91287,0.00000
18.91788,0.00000
18.92290,0.00000
18.92791,0.00000
18.93293,0.00000
18.93795,0.00000
18.94296,0.00000
18.94797,0.00000
18.95299,0.00000
18.95800,0.00000
18.96302,0.00000
18.96803,0.00000
18.97305,0.00000
18.97806,-1.61133
18.98308,0.00000
18.98809,0.00000
18.99311,0.00000
18.99812,0.00000
19.00314,0.00000
19.00815,0.00000
19.01317,0.00000
19.01818,0.00000
19.02320,0.00000
19.02822,-1.61133
19.03323,0.00000
19.03825,0.00000
19.04326,0.00000
19.04828,0.00000
19.05329,0.00000
19.05831,0.00000
19.06332,0.00000
19.06834,0.00000
19.07336,0.00000
19.07837,0.00000
19.08339,0.00000
19.08840,0.00000
19.09342,0.00000
19.09843,0.00000
19.10345,0.00000
19.10846,0.00000
19.11348,0.00000
19.11849,0.00000
19.12351,0.00000
19.12852,0.00000
19.13353,0.00000
19.13855,0.00000
19.14356,0.00000
19.14858,0.00000
19.15360,0.00000
19.15861,0.00000
19.16363,0.00000
19.16864,0.00000
19.17366,0.00000
19.17867,0.00000
19.18369,0.00000
19.18870,0.00000
19.19372,0.00000
19.19874,0.00000
19.20375,0.00000
19.20877,0.00000
19.21378,0.00000
19.21880,0.00000
19.22381,0.00000
19.22883,0.00000
19.23384,0.00000
19.23886,0.00000
19.24388,0.00000
19.24889,0.00000
19.25391,0.00000
19.25892,0.00000
19.26394,0.00000
19.26895,0.00000
19.27397,0.00000
19.27898,0.00000
19.28400,0.00000
19.28901,0.00000
19.29402,0.00000
19.29904,0.00000
19.30405,0.00000
19.30907,0.00000
19.31408,0.00000
19.31910,0.00000
19.32411,0.00000
19.32913,0.00000
19.33415,0.00000
19.33916,0.00000
19.34418,0.00000
19.34919,0.00000
19.35421,0.00000
19.35922,0.00000
19.36424,0.00000
19.36925,0.00000
19.37427,0.00000
19.37929,0.00000
19.38430,0.00000
19.38932,0.00000
19.39433,0.00000
19.39935,0.00000
19.40436,0.00000
19.40938,0.00000
19.41439,0.00000
19.41941,0.00000
19.42443,0.00000
19.42944,0.00000
19.43446,0.00000
19.43947,0.00000
19.44448,0.00000
19.44950,0.00000
19.45451,0.00000
19.45953,0.00000
19.46454,0.00000
19.46956,0.00000
19.47457,0.00000
19.47959,0.00000
19.48460,0.00000
19.48962,0.00000
19.49463,0.00000
19.49965,0.00000
19.50467,0.00000
19.50968,0.00000
19.51470,0.00000
19.51971,0.00000
19.52473,0.00000
19.52974,0.00000
19.53476,0.00000
19.53977,0.00000
19.54479,0.00000
19.54981,0.00000
19.55482,0.00000
19.55984,0.00000
19.56485,0.00000
19.56987,0.00000
19.57488,0.00000
19.57990,0.00000
19.58491,0.00000
19.58993,0.00000
19.59494,0.00000
19.59996,0.00000
19.60497,0.00000
19.60999,0.00000
19.61500,0.00000
19.62001,0.00000
19.62503,0.00000
19.63005,0.00000
19.63506,0.00000
19.64008,0.00000
19.64509,0.00000
19.65011,0.00000
19.65512,0.00000
19.66014,0.00000
19.66515,0.00000
19.67017,0.00000
19.67518,0.00000
19.68020,0.00000
19.68522,0.00000
19.69023,0.00000
19.69525,0.00000
19.70026,0.00000
19.70528,-1.61133
19.71029,0.00000
19.71531,0.00000
19.72032,0.00000
19.72534,0.00000
19.73036,0.00000
19.73537,0.00000
19.74039,0.00000
19.74540,0.00000
19.75042,0.00000
19.75543,0.00000
19.76045,0.00000
19.76546,0.00000
19.77048,0.00000
19.77549,0.00000
19.78051,0.00000
19.78552,0.00000
19.79053,0.00000
19.79555,0.00000
19.80056,0.00000
19.80558,0.00000
19.81060,0.00000
19.81561,0.00000
19.82063,0.00000
19.82564,0.00000
19.83066,0.00000
19.83567,0.00000
19.84069,0.00000
19.84570,0.00000
19.85072,0.00000
19.85574,0.00000
19.86075,0.00000
19.86577,0.00000
19.87078,0.00000
19.87580,0.00000
19.88081,0.00000
19.88583,0.00000
19.89084,0.00000
19.89586,0.00000
19.90088,0.00000
19.90589,0.00000
19.91091,0.00000
19.91592,0.00000
19.92094,0.00000
19.92595,0.00000
19.93097,0.00000
19.93598,0.00000
19.94099,0.00000
19.94601,0.00000
19.95102,0.00000
19.95604,0.00000
19.96105,0.00000
19.96607,0.00000
19.97108,0.00000
19.97610,0.00000
19.98111,0.00000
19.98613,0.00000
19.99115,0.00000
19.99616,0.00000
20.00118,0.00000
20.00619,0.00000
20.01121,0.00000
20.01622,0.00000
20.02124,0.00000
20.02625,0.00000
20.03127,0.00000
20.03629,0.00000
20.04130,0.00000
20.04632,0.00000
20.05133,0.00000
20.05635,0.00000
20.06136,0.00000
20.06638,0.00000
20.07139,0.00000
20.07641,0.00000
20.08143,0.00000
20.08644,0.00000
20.09145,0.00000
20.09647,0.00000
20.10148,0.00000
20.10650,0.00000
20.11151,0.00000
20.11653,0.00000
20.12154,0.00000
20.12656,0.00000
20.13157,0.00000
20.13659,0.00000
20.14160,0.00000
20.14662,0.00000
20.15163,0.00000
20.15665,-1.61133
20.16167,0.00000
20.16668,0.00000
20.17170,0.00000
20.17671,0.00000
20.18173,0.00000
20.18674,0.00000
20.19176,0.00000
20.19677,0.00000
20.20179,0.00000
20.20681,0.00000
20.21182,0.00000
20.21684,0.00000
20.22185,0.00000
20.22687,0.00000
20.23188,0.00000
20.23690,0.00000
20.24191,0.00000
20.24693,0.00000
20.25194,0.00000
20.25696,0.00000
20.26197,0.00000
20.26699,0.00000
20.27200,0.00000
20.27702,0.00000
20.28203,0.00000
20.28704,0.00000
20.29206,0.00000
20.29708,0.00000
20.30209,0.00000
20.30711,0.00000
20.31212,0.00000
20.31714,0.00000
20.32215,0.00000
20.32717,0.00000
20.33218,0.00000
20.33720,0.00000
20.34222,0.00000
20.34723,0.00000
20.35225,0.00000
20.35726,0.00000
20.36228,0.00000
20.36729,0.00000
20.37231,0.00000
20.37733,0.00000
20.38234,0.00000
20.38736,0.00000
20.39237,0.00000
20.39739,0.00000
20.40240,0.00000
20.40742,0.00000
20.41243,0.00000
20.41745,0.00000
20.42246,0.00000
20.42748,0.00000
20.43249,0.00000
20.43750,0.00000
20.44252,0.00000
20.44753,-1.61133
20.45255,0.00000
20.45756,0.00000
20.46258,-1.61133
20.46760,0.00000
20.47261,0.00000
20.47763,0.00000
20.48264,0.00000
20.48766,0.00000
20.49267,0.00000
20.49769,0.00000
20.50270,0.00000
20.50772,0.00000
20.51274,0.00000
20.51775,0.00000
20.52277,0.00000
20.52778,0.00000
20.53280,0.00000
20.53781,0.00000
20.54283,0.00000
20.54784,0.00000
20.55286,0.00000
20.55788,0.00000
20.56289,0.00000
20.56791,0.00000
20.57292,0.00000
20.57794,0.00000
20.58295,0.00000
20.58796,0.00000
20.59298,0.00000
20.59799,0.00000
20.60301,0.00000
20.60802,0.00000
20.61304,0.00000
20.61805,0.00000
20.62307,0.00000
20.62808,0.00000
20.63310,0.00000
20.63812,-1.61133
20.64313,0.00000
20.64815,0.00000
20.65316,0.00000
20.65818,0.00000
20.66319,0.00000
20.66821,0.00000
20.67322,0.00000
20.67824,0.00000
20.68326,0.00000
20.68827,0.00000
20.69329,0.00000
20.69830,0.00000
20.70332,0.00000
20.70833,0.00000
20.71335,0.00000
20.71836,0.00000
20.72338,0.00000
20.72840,0.00000
20.73341,0.00000
20.73842,0.00000
20.74344,0.00000
20.74845,0.00000
20.75347,0.00000
20.75848,0.00000
20.76350,0.00000
20.76851,0.00000
20.77353,0.00000
20.77854,0.00000
20.78356,0.00000
20.78857,0.00000
20.79359,0.00000
20.79860,-1.61133
20.80362,0.00000
20.80863,0.00000
20.81365,0.00000
20.81867,0.00000
20.82368,0.00000
20.82870,0.00000
20.83371,0.00000
20.83873,0.00000
20.84374,0.00000
20.84876,0.00000
20.85377,0.00000
20.85879,0.00000
20.86381,0.00000
20.86882,0.00000
20.87384,0.00000
20.87885,0.00000
20.88387,0.00000
20.88888,0.00000
20.89390,0.00000
20.89891,0.00000
20.90393,0.00000
20.90894,0.00000
20.91396,0.00000
20.91897,0.00000
20.92398,-1.61133
20.92900,0.00000
20.93402,0.00000
20.93903,0.00000
20.94405,0.00000
20.94906,0.00000
20.95408,0.00000
20.95909,0.00000
20.96411,0.00000
20.96912,0.00000
20.97414,0.00000
20.97915,0.00000
20.98417,0.00000
20.98919,0.00000
20.99420,0.00000
20.99922,0.00000
21.00423,-1.61133
21.00925,0.00000
21.01426,0.00000
21.01928,0.00000
21.02429,0.00000
21.02931,-1.61133
21.03433,0.00000
21.03934,-1.61133
21.04436,0.00000
21.04937,0.00000
21.05439,0.00000
21.05940,-1.61133
21.06442,0.00000
21.06943,0.00000
21.07445,0.00000
21.07946,0.00000
21.08447,0.00000
21.08949,0.00000
21.09451,0.00000
21.09952,0.00000
21.10453,0.00000
21.10955,0.00000
21.11456,0.00000
21.11958,0.00000
21.12460,0.00000
21.12961,0.00000
21.13463,0.00000
21.13964,0.00000
21.14466,0.00000
21.14967,0.00000
21.15469,0.00000
21.15970,0.00000
21.16472,0.00000
21.16974,0.00000
21.17475,0.00000
21.17977,0.00000
21.18478,0.00000
21.18980,0.00000
21.19481,0.00000
21.19983,0.00000
21.20484,0.00000
21.20986,0.00000
21.21488,-1.61133
21.21989,0.00000
21.22491,0.00000
21.22992,0.00000
21.23494,0.00000
21.23995,0.00000
21.24496,0.00000
21.24998,0.00000
21.25499,0.00000
21.26001,0.00000
21.26502,0.00000
21.27004,0.00000
21.27505,0.00000
21.28007,0.00000
21.28508,0.00000
21.29010,0.00000
21.29512,-1.61133
21.30013,0.00000
21.30515,0.00000
21.31016,0.00000
21.31518,0.00000
21.32019,0.00000
21.32521,0.00000
21.33022,0.00000
21.33524,0.00000
21.34026,0.00000
21.34527,0.00000
21.35029,0.00000
21.35530,0.00000
21.36032,0.00000
21.36533,0.00000
21.37035,0.00000
21.37536,0.00000
21.38038,0.00000
21.38539,0.00000
21.39041,0.00000
21.39542,0.00000
21.40044,0.00000
21.40545,0.00000
21.41047,0.00000
21.41548,0.00000
21.42050,0.00000
21.42551,0.00000
21.43053,0.00000
21.43554,0.00000
21.44056,0.00000
21.44557,0.00000
21.45059,0.00000
21.45560,0.00000
21.46062,0.00000
21.46563,0.00000
21.47065,0.00000
21.47567,0.00000
21.48068,0.00000
21.48570,0.00000
21.49071,0.00000
21.49573,0.00000
21.50074,0.00000
21.50576,0.00000
21.51077,0.00000
21.51579,0.00000
21.52081,0.00000
21.52582,0.00000
21.53084,0.00000
21.53585,0.00000
21.54087,-1.61133
21.54588,0.00000
21.55090,0.00000
21.55591,0.00000
21.56093,0.00000
21.56594,0.00000
21.57096,0.00000
21.57597,0.00000
21.58098,0.00000
21.58600,0.00000
21.59101,0.00000
21.59603,0.00000
21.60105,0.00000
21.60606,0.00000
21.61108,0.00000
21.61609,0.00000
21.62111,0.00000
21.62612,0.00000
21.63114,0.00000
21.63615,0.00000
21.64117,0.00000
21.64619,0.00000
21.65120,0.00000
21.65622,0.00000
21.66123,0.00000
21.66625,0.00000
21.67126,0.00000
21.67628,0.00000
21.68129,0.00000
21.68631,-1.61133
21.69133,0.00000
21.69634,0.00000
21.70136,-1.61133
21.70637,0.00000
21.71139,-1.61133
21.71640,0.00000
21.72142,0.00000
21.72643,0.00000
21.73145,0.00000
21.73646,-1.61133
21.74147,0.00000
21.74649,0.00000
21.75150,0.00000
21.75652,0.00000
21.76153,0.00000
21.76655,0.00000
21.77157,0.00000
21.77658,0.00000
21.78160,0.00000
21.78661,0.00000
21.79163,0.00000
21.79664,0.00000
21.80166,0.00000
21.80667,0.00000
21.81169,0.00000
21.81671,0.00000
21.82172,0.00000
21.82674,0.00000
21.83175,0.00000
21.83677,0.00000
21.84178,0.00000
21.84680,0.00000
21.85181,0.00000
21.85683,0.00000
21.86185,0.00000
21.86686,0.00000
21.87188,0.00000
21.87689,0.00000
21.88190,0.00000
21.88692,0.00000
21.89193,0.00000
21.89695,0.00000
21.90196,-1.61133
21.90698,0.00000
21.91199,0.00000
21.91701,0.00000
21.92202,0.00000
21.92704,0.00000
21.93205,0.00000
21.93707,0.00000
21.94208,0.00000
21.94710,0.00000
21.95212,0.00000
21.95713,0.00000
21.96215,0.00000
21.96716,0.00000
21.97218,0.00000
21.97719,0.00000
21.98221,0.00000
21.98722,0.00000
21.99224,0.00000
21.99726,0.00000
22.00227,0.00000
22.00729,0.00000
22.01230,0.00000
22.01732,0.00000
22.02233,0.00000
22.02735,0.00000
22.03236,0.00000
22.03738,0.00000
22.04239,0.00000
22.04741,0.00000
22.05242,0.00000
22.05744,0.00000
22.06245,0.00000
22.06746,0.00000
22.07248,0.00000
22.07750,0.00000
22.08251,0.00000
22.08753,0.00000
22.09254,0.00000
22.09756,0.00000
22.10257,0.00000
22.10759,0.00000
22.11260,0.00000
22.11762,-1.61133
22.12264,0.00000
22.12765,0.00000
22.13267,-1.61133
22.13768,0.00000
22.14270,0.00000
22.14771,0.00000
22.15273,0.00000
22.15774,0.00000
22.16276,0.00000
22.16778,0.00000
22.17279,0.00000
22.17781,0.00000
22.18282,0.00000
22.18784,0.00000
22.19285,0.00000
22.19787,0.00000
22.20288,0.00000
22.20790,0.00000
22.21291,0.00000
22.21793,0.00000
22.22294,0.00000
22.22795,0.00000
22.23297,0.00000
22.23798,0.00000
22.24300,0.00000
22.24801,0.00000
22.25303,0.00000
22.25805,0.00000
22.26306,0.00000
22.26808,0.00000
22.27309,0.00000
22.27811,0.00000
22.28312,0.00000
22.28814,0.00000
22.29315,0.00000
22.29817,0.00000
22.30319,0.00000
22.30820,0.00000
22.31322,0.00000
22.31823,0.00000
22.32325,0.00000
22.32826,0.00000
22.33328,0.00000
22.33829,0.00000
22.34331,0.00000
22.34833,0.00000
22.35334,0.00000
22.35836,0.00000
22.36337,0.00000
22.36839,0.00000
22.37340,0.00000
22.37842,0.00000
22.38343,0.00000
22.38844,0.00000
22.39346,0.00000
22.39847,0.00000
22.40349,0.00000
22.40850,0.00000
22.41352,0.00000
22.41853,0.00000
22.42355,0.00000
22.42857,0.00000
22.43358,0.00000
22.43860,0.00000
22.44361,0.00000
22.44863,0.00000
22.45364,0.00000
22.45866,0.00000
22.46367,0.00000
22.46869,0.00000
22.47371,0.00000
22.47872,0.00000
22.48374,0.00000
22.48875,0.00000
22.49377,0.00000
22.49878,0.00000
22.50380,0.00000
22.50881,0.00000
22.51383,0.00000
22.51885,0.00000
22.52386,0.00000
22.52888,0.00000
22.53389,0.00000
22.53890,0.00000
22.54392,0.00000
22.54893,0.00000
22.55395,0.00000
22.55896,0.00000
22.56398,0.00000
22.56899,0.00000
22.57401,0.00000
22.57902,0.00000
22.58404,0.00000
22.58905,0.00000
22.59407,0.00000
22.59908,0.00000
22.60410,0.00000
22.60912,0.00000
22.61413,0.00000
22.61915,0.00000
22.62416,0.00000
22.62918,0.00000
22.63419,1.61133
22.63921,1.61133
22.64422,1.61133
22.64924,1.61133
22.65426,1.61133
22.65927,1.61133
22.66429,1.61133
22.66930,1.61133
22.67432,1.61133
22.67933,1.61133
22.68435,1.61133
22.68936,1.61133
22.69438,1.61133
22.69939,3.22266
22.70441,3.22266
22.70942,3.22266
22.71444,1.61133
22.71945,1.61133
22.72447,3.22266
22.72948,3.22266
22.73450,3.22266
22.73951,3.22266
22.74453,3.22266
22.74954,3.22266
22.75456,3.22266
22.75957,3.22266
22.76459,3.22266
22.76960,3.22266
22.77462,3.22266
22.77964,4.83398
22.78465,4.83398
22.78967,4.83398
22.79468,4.83398
22.79970,4.83398
22.80471,4.83398
22.80973,4.83398
22.81474,4.83398
22.81976,6.44531
22.82478,6.44531
22.82979,6.44531
22.83481,6.44531
22.83982,6.44531
22.84484,6.44531
22.84985,6.44531
22.85487,6.44531
22.85988,6.44531
22.86490,6.44531
22.86991,6.44531
22.87493,6.44531
22.87994,6.44531
22.88495,6.44531
22.88997,6.44531
22.89498,6.44531
22.90000,6.44531
22.90501,8.05664
22.91003,8.05664
22.91505,8.05664
22.92006,9.66797
22.92508,9.66797
22.93009,9.66797
22.93511,9.66797
22.94012,9.66797
22.94514,11.27930
22.95015,11.27930
22.95517,11.27930
22.96019,11.27930
22.96520,11.27930
22.97022,12.89062
22.97523,12.89062
22.98025,14.50195
22.98526,14.50195
22.99028,16.11328
22.99529,16.11328
23.00031,17.72461
23.00533,17.72461
23.01034,19.33594
23.01536,20.94726
23.02037,22.55859
23.02539,24.16992
23.03040,25.78125
23.03541,27.39258
23.04043,29.00390
23.04544,30.61524
23.05046,32.22656
23.05547,33.83789
23.06049,35.44922
23.06550,37.06055
23.07052,40.28320
23.07553,41.89453
23.08055,43.50586
23.08557,46.72851
23.09058,48.33984
23.09560,49.95117
23.10061,51.56250
23.10563,54.78516
23.11064,56.39648
23.11566,59.61914
23.12067,62.84180
23.12569,64.45312
23.13071,67.67578
23.13572,69.28711
23.14074,72.50977
23.14575,75.73242
23.15077,77.34375
23.15578,80.56641
23.16080,83.78906
23.16581,87.01172
23.17083,90.23438
23.17585,95.06836
23.18086,98.29102
23.18587,103.12500
23.19089,109.57031
23.19590,114.40430
23.20092,122.46094
23.20593,128.90625
23.21095,136.96289
23.21596,146.63085
23.22098,154.68750
23.22599,165.96680
23.23101,177.24610
23.23602,188.52540
23.24104,201.41602
23.24605,212.69532
23.25107,225.58594
23.25609,238.47656
23.26110,252.97850
23.26612,265.86914
23.27113,280.37110
23.27615,293.26170
23.28116,306.15234
23.28618,319.04295
23.29119,331.93360
23.29621,343.21287
23.30123,354.49220
23.30624,364.16015
23.31126,372.21680
23.31627,383.49608
23.32129,394.77540
23.32630,409.27735
23.33132,423.77928
23.33633,436.66992
23.34135,447.94920
23.34636,460.83984
23.35138,473.73047
23.35639,483.39844
23.36141,493.06640
23.36642,501.12300
23.37144,510.79100
23.37645,518.84764
23.38146,526.90430
23.38648,536.57230
23.39150,544.62890
23.39651,551.07420
23.40153,557.51950
23.40654,565.57614
23.41156,572.02150
23.41657,580.07810
23.42159,588.13477
23.42660,592.96876
23.43162,597.80270
23.43664,601.02540
23.44165,604.24805
23.44667,607.47070
23.45168,610.69334
23.45670,615.52733
23.46171,618.75000
23.46673,623.58400
23.47174,630.02926
23.47676,636.47460
23.48178,642.91990
23.48679,646.14254
23.49181,650.97654
23.49682,655.81053
23.50184,662.25580
23.50685,670.31246
23.51187,676.75780
23.51688,684.81445
23.52190,691.25974
23.52691,699.31640
23.53192,705.76173
23.53694,712.20700
23.54195,718.65230
23.54697,725.09766
23.55198,729.93165
23.55700,736.37694
23.56202,741.21094
23.56703,746.04493
23.57205,752.49020
23.57706,758.93550
23.58208,762.15820
23.58709,765.38086
23.59211,770.21486
23.59712,771.82615
23.60214,776.66014
23.60716,781.49414
23.61217,784.71680
23.61719,791.16210
23.62220,795.99607
23.62722,802.44140
23.63223,807.27535
23.63725,815.33200
23.64226,820.16600
23.64728,825.00000
23.65230,826.61134
23.65731,828.22263
23.66233,829.83400
23.66734,831.44530
23.67236,833.05660
23.67737,834.66800
23.68238,834.66800
23.68740,834.66800
23.69241,836.27930
23.69743,836.27930
23.70244,834.66800
23.70746,833.05660
23.71247,831.44530
23.71749,829.83400
23.72250,826.61134
23.72752,825.00000
23.73253,823.38864
23.73755,823.38864
23.74257,821.77734
23.74758,818.55470
23.75260,813.72070
23.75761,808.88670
23.76263,804.05270
23.76764,797.60740
23.77266,792.77340
23.77767,787.93940
23.78269,783.10543
23.78771,779.88280
23.79272,778.27150
23.79774,776.66014
23.80275,776.66014
23.80777,776.66014
23.81278,776.66014
23.81780,776.66014
23.82281,778.27150
23.82783,779.88280
23.83284,781.49414
23.83786,783.10543
23.84287,784.71680
23.84789,784.71680
23.85290,787.93940
23.85792,787.93940
23.86293,789.55080
23.86795,789.55080
23.87296,789.55080
23.87798,787.93940
23.88299,787.93940
23.88801,787.93940
23.89302,787.93940
23.89804,786.32814
23.90305,787.93940
23.90807,787.93940
23.91309,787.93940
23.91810,787.93940
23.92312,786.32814
23.92813,786.32814
23.93315,784.71680
23.93816,784.71680
23.94318,784.71680
23.94819,784.71680
23.95321,784.71680
23.95823,784.71680
23.96324,784.71680
23.96826,786.32814
23.97327,786.32814
23.97829,786.32814
23.98330,787.93940
23.98832,786.32814
23.99333,786.32814
23.99835,786.32814
24.00336,786.32814
24.00838,786.32814
24.01339,787.93940
24.01841,787.93940
24.02342,787.93940
24.02844,789.55080
24.03345,789.55080
24.03846,789.55080
24.04348,789.55080
24.04850,791.16210
24.05351,791.16210
24.05853,791.16210
24.06354,791.16210
24.06856,791.16210
24.07357,792.77340
24.07859,794.38480
24.08360,794.38480
24.08862,794.38480
24.09364,795.99607
24.09865,797.60740
24.10367,797.60740
24.10868,799.21870
24.11370,800.83007
24.11871,802.44140
24.12373,802.44140
24.12874,804.05270
24.13376,805.66406
24.13878,805.66406
24.14379,807.27535
24.14881,808.88670
24.15382,810.49806
24.15884,813.72070
24.16385,813.72070
24.16887,813.72070
24.17388,813.72070
24.17889,813.72070
24.18391,815.33200
24.18892,816.94335
24.19394,816.94335
24.19895,818.55470
24.20397,820.16600
24.20898,821.77734
24.21400,821.77734
24.21902,821.77734
24.22403,823.38864
24.22905,823.38864
24.23406,823.38864
24.23908,821.77734
24.24409,821.77734
24.24911,823.38864
24.25412,825.00000
24.25914,825.00000
24.26416,825.00000
24.26917,825.00000
24.27419,826.61134
24.27920,828.22263
24.28422,829.83400
24.28923,829.83400
24.29425,829.83400
24.29926,831.44530
24.30428,831.44530
24.30930,833.05660
24.31431,833.05660
24.31933,833.05660
24.32434,834.66800
24.32935,834.66800
24.33437,836.27930
24.33938,837.89060
24.34440,841.11327
24.34941,844.33590
24.35443,844.33590
24.35944,849.16990
24.36446,849.16990
24.36947,850.78126
24.37449,854.00390
24.37950,855.61520
24.38452,857.22655
24.38953,858.83790
24.39455,860.44920
24.39957,862.06055
24.40458,865.28320
24.40960,866.89454
24.41461,868.50584
24.41963,870.11720
24.42464,873.33983
24.42966,876.56250
24.43468,881.39650
24.43969,886.23047
24.44471,897.50975
24.44972,910.40040
24.45474,926.51370
24.45975,942.62695
24.46477,957.12890
24.46978,966.79690
24.47480,982.91016
24.47982,1000.63480
24.48483,1019.97070
24.48984,1034.47260
24.49486,1047.36330
24.49987,1057.03130
24.50489,1066.69910
24.50990,1079.58980
24.51492,1090.86910
24.51993,1102.14840
24.52495,1111.81640
24.52996,1119.87300
24.53498,1129.54100
24.53999,1135.98630
24.54501,1140.82030
24.55002,1142.43160
24.55504,1144.04300
24.56005,1145.65430
24.56507,1145.65430
24.57009,1145.65430
24.57510,1145.65430
24.58012,1147.26560
24.58513,1145.65430
24.59015,1147.26560
24.59516,1147.26560
24.60018,1147.26560
24.60519,1147.26560
24.61021,1147.26560
24.61523,1147.26560
24.62024,1147.26560
24.62526,1147.26560
24.63027,1147.26560
24.63529,1147.26560
24.64030,1147.26560
24.64532,1147.26560
24.65033,1147.26560
24.65535,1147.26560
24.66036,1147.26560
24.66538,1147.26560
24.67039,1147.26560
24.67540,1147.26560
24.68042,1147.26560
24.68543,1147.26560
24.69045,1147.26560
24.69547,1147.26560
24.70048,1147.26560
24.70550,1148.87690
24.71051,1147.26560
24.71553,1147.26560
24.72054,1147.26560
24.72556,1147.26560
24.73057,1147.26560
24.73559,1147.26560
24.74061,1148.87690
24.74562,1148.87690
24.75064,1147.26560
24.75565,1147.26560
24.76067,1148.87690
24.76568,1147.26560
24.77070,1147.26560
24.77572,1147.26560
24.78073,1147.26560
24.78575,1147.26560
24.79076,1148.87690
24.79578,1147.26560
24.80079,1147.26560
24.80581,1147.26560
24.81082,1147.26560
24.81584,1147.26560
24.82085,1148.87690
24.82587,1148.87690
24.83088,1147.26560
24.83589,1147.26560
24.84091,1147.26560
24.84592,1148.87690
24.85094,1147.26560
24.85595,1147.26560
24.86097,1147.26560
24.86598,1147.26560
24.87100,1147.26560
24.87602,1147.26560
24.88103,1147.26560
24.88605,1147.26560
24.89106,1147.26560
24.89608,1147.26560
24.90109,1147.26560
24.90611,1147.26560
24.91112,1148.87690
24.91614,1147.26560
24.92116,1147.26560
24.92617,1147.26560
24.93119,1147.26560
24.93620,1147.26560
24.94122,1147.26560
24.94623,1147.26560
24.95125,1147.26560
24.95626,1147.26560
24.96128,1147.26560
24.96630,1147.26560
24.97131,1147.26560
24.97632,1147.26560
24.98134,1147.26560
24.98635,1147.26560
24.99137,1147.26560
24.99638,1147.26560
25.00140,1147.26560
25.00641,1147.26560
25.01143,1147.26560
25.01644,1147.26560
25.02146,1145.65430
25.02647,1147.26560
25.03149,1145.65430
25.03650,1145.65430
25.04152,1147.26560
25.04654,1145.65430
25.05155,1145.65430
25.05657,1145.65430
25.06158,1145.65430
25.06660,1147.26560
25.07161,1145.65430
25.07663,1145.65430
25.08165,1145.65430
25.08666,1145.65430
25.09168,1145.65430
25.09669,1145.65430
25.10171,1145.65430
25.10672,1145.65430
25.11174,1145.65430
25.11675,1145.65430
25.12177,1145.65430
25.12679,1145.65430
25.13180,1145.65430
25.13681,1145.65430
25.14183,1145.65430
25.14684,1145.65430
25.15186,1145.65430
25.15687,1145.65430
25.16189,1145.65430
25.16690,1145.65430
25.17192,1145.65430
25.17693,1145.65430
25.18195,1145.65430
25.18696,1145.65430
25.19198,1145.65430
25.19699,1145.65430
25.20201,1145.65430
25.20702,1145.65430
25.21204,1145.65430
25.21705,1145.65430
25.22207,1144.04300
25.22709,1144.04300
25.23210,1145.65430
25.23712,1145.65430
25.24213,1145.65430
25.24715,1145.65430
25.25216,1145.65430
25.25718,1144.04300
25.26219,1145.65430
25.26721,1145.65430
25.27223,1145.65430
25.27724,1145.65430
25.28226,1145.65430
25.28727,1145.65430
25.29229,1145.65430
25.29730,1145.65430
25.30232,1144.04300
25.30733,1145.65430
25.31235,1145.65430
25.31736,1145.65430
25.32238,1145.65430
25.32739,1145.65430
25.33241,1145.65430
25.33742,1145.65430
25.34243,1144.04300
25.34745,1145.65430
25.35247,1145.65430
25.35748,1145.65430
25.36250,1145.65430
25.36751,1145.65430
25.37253,1145.65430
25.37754,1145.65430
25.38256,1145.65430
25.38757,1145.65430
25.39259,1145.65430
25.39761,1145.65430
25.40262,1145.65430
25.40764,1145.65430
25.41265,1145.65430
25.41767,1145.65430
25.42268,1144.04300
25.42770,1145.65430
25.43272,1145.65430
25.43773,1145.65430
25.44275,1145.65430
25.44776,1145.65430
25.45278,1145.65430
25.45779,1145.65430
25.46281,1145.65430
25.46782,1145.65430
25.47283,1145.65430
25.47785,1145.65430
25.48286,1145.65430
25.48788,1145.65430
25.49289,1145.65430
25.49791,1145.65430
25.50292,1145.65430
25.50794,1145.65430
25.51295,1145.65430
25.51797,1144.04300
25.52298,1144.04300
25.52800,1145.65430
25.53302,1145.65430
25.53803,1144.04300
25.54305,1145.65430
25.54806,1144.04300
25.55308,1144.04300
25.55809,1144.04300
25.56311,1145.65430
25.56812,1145.65430
25.57314,1144.04300
25.57816,1145.65430
25.58317,1145.65430
25.58819,1144.04300
25.59320,1144.04300
25.59822,1144.04300
25.60323,1144.04300
25.60825,1144.04300
25.61326,1145.65430
25.61828,1144.04300
25.62330,1144.04300
25.62831,1144.04300
25.63332,1144.04300
25.63834,1144.04300
25.64335,1144.04300
25.64837,1145.65430
25.65338,1145.65430
25.65840,1145.65430
25.66341,1145.65430
25.66843,1145.65430
25.67344,1145.65430
25.67846,1145.65430
25.68347,1145.65430
25.68849,1145.65430
25.69350,1145.65430
25.69852,1145.65430
25.70354,1145.65430
25.70855,1145.65430
25.71357,1145.65430
25.71858,1145.65430
25.72360,1145.65430
25.72861,1145.65430
25.73363,1145.65430
25.73865,1145.65430
25.74366,1145.65430
25.74868,1145.65430
25.75369,1145.65430
25.75871,1145.65430
25.76372,1145.65430
25.76874,1145.65430
25.77375,1145.65430
25.77877,1145.65430
25.78379,1145.65430
25.78880,1145.65430
25.79381,1145.65430
25.79883,1144.04300
25.80384,1145.65430
25.80886,1145.65430
25.81387,1144.04300
25.81889,1145.65430
25.82390,1145.65430
25.82891,1145.65430
25.83393,1145.65430
25.83895,1144.04300
25.84396,1145.65430
25.84898,1144.04300
25.85399,1144.04300
25.85901,1144.04300
25.86402,1144.04300
25.86904,1144.04300
25.87405,1145.65430
25.87907,1145.65430
25.88409,1144.04300
25.88910,1144.04300
25.89412,1144.04300
25.89913,1144.04300
25.90415,1144.04300
25.90916,1144.04300
25.91418,1145.65430
25.91920,1145.65430
25.92421,1145.65430
25.92923,1144.04300
25.93424,1145.65430
25.93926,1145.65430
25.94427,1145.65430
25.94929,1145.65430
25.95430,1144.04300
25.95932,1144.04300
25.96433,1144.04300
25.96935,1145.65430
25.97436,1144.04300
25.97937,1144.04300
25.98439,1144.04300
25.98940,1145.65430
25.99442,1144.04300
25.99943,1144.04300
26.00445,1144.04300
26.00947,1145.65430
26.01448,1144.04300
26.01950,1144.04300
26.02451,1144.04300
26.02953,1145.65430
26.03454,1144.04300
26.03956,1144.04300
26.04457,1145.65430
26.04959,1144.04300
26.05461,1144.04300
26.05962,1145.65430
26.06464,1144.04300
26.06965,1144.04300
26.07467,1144.04300
26.07968,1144.04300
26.08470,1144.04300
26.08972,1144.04300
26.09473,1144.04300
26.09975,1145.65430
26.10476,1144.04300
26.10978,1144.04300
26.11479,1144.04300
26.11981,1144.04300
26.12482,1144.04300
26.12983,1144.04300
26.13485,1144.04300
26.13986,1144.04300
26.14488,1144.04300
26.14989,1144.04300
26.15491,1144.04300
26.15992,1144.04300
26.16494,1144.04300
26.16995,1144.04300
26.17497,1144.04300
26.17999,1144.04300
26.18500,1144.04300
26.19002,1145.65430
26.19503,1144.04300
26.20005,1144.04300
26.20506,1144.04300
26.21008,1145.65430
26.21509,1144.04300
26.22011,1145.65430
26.22513,1145.65430
26.23014,1145.65430
26.23516,1145.65430
26.24017,1145.65430
26.24519,1145.65430
26.25020,1144.04300
26.25522,1145.65430
26.26024,1145.65430
26.26525,1145.65430
26.27027,1144.04300
26.27528,1145.65430
26.28029,1144.04300
26.28531,1145.65430
26.29032,1145.65430
26.29534,1145.65430
26.30035,1145.65430
26.30537,1145.65430
26.31038,1145.65430
26.31540,1145.65430
26.32041,1145.65430
26.32543,1145.65430
26.33044,1145.65430
26.33546,1145.65430
26.34047,1145.65430
26.34549,1144.04300
26.35050,1144.04300
26.35552,1145.65430
26.36054,1145.65430
26.36555,1145.65430
26.37057,1144.04300
26.37558,1144.04300
26.38060,1144.04300
26.38561,1145.65430
26.39063,1145.65430
26.39564,1144.04300
26.40066,1145.65430
26.40568,1145.65430
26.41069,1144.04300
26.41571,1145.65430
26.42072,1145.65430
26.42574,1145.65430
26.43075,1144.04300
26.43577,1145.65430
26.44078,1145.65430
26.44580,1145.65430
26.45081,1145.65430
26.45583,1145.65430
26.46084,1145.65430
26.46586,1145.65430
26.47087,1144.04300
26.47589,1145.65430
26.48090,1145.65430
26.48592,1144.04300
26.49093,1144.04300
26.49595,1144.04300
26.50096,1144.04300
26.50598,1145.65430
26.51099,1145.65430
26.51601,1145.65430
26.52103,1145.65430
26.52604,1145.65430
26.53106,1145.65430
26.53607,1145.65430
26.54109,1144.04300
26.54610,1144.04300
26.55112,1145.65430
26.55613,1145.65430
26.56115,1145.65430
26.56617,1145.65430
26.57118,1145.65430
26.57620,1145.65430
26.58121,1145.65430
26.58623,1145.65430
26.59124,1145.65430
26.59626,1145.65430
26.60127,1145.65430
26.60629,1145.65430
26.61130,1145.65430
26.61632,1145.65430
26.62133,1145.65430
26.62634,1145.65430
26.63136,1145.65430
26.63638,1145.65430
26.64139,1145.65430
26.64640,1145.65430
26.65142,1145.65430
26.65643,1145.65430
26.66145,1145.65430
26.66647,1145.65430
26.67148,1145.65430
26.67650,1145.65430
26.68151,1145.65430
26.68653,1145.65430
26.69154,1145.65430
26.69656,1145.65430
26.70157,1145.65430
26.70659,1145.65430
26.71161,1145.65430
26.71662,1145.65430
26.72164,1145.65430
26.72665,1145.65430
26.73167,1145.65430
26.73668,1145.65430
26.74170,1145.65430
26.74671,1145.65430
26.75173,1145.65430
26.75675,1145.65430
26.76176,1145.65430
26.76678,1145.65430
26.77179,1145.65430
26.77680,1145.65430
26.78182,1145.65430
26.78683,1145.65430
26.79185,1144.04300
26.79686,1144.04300
26.80188,1144.04300
26.80689,1145.65430
26.81191,1145.65430
26.81692,1145.65430
26.82194,1145.65430
26.82696,1144.04300
26.83197,1145.65430
26.83699,1144.04300
26.84200,1144.04300
26.84702,1144.04300
26.85203,1144.04300
26.85705,1144.04300
26.86206,1144.04300
26.86708,1144.04300
26.87210,1144.04300
26.87711,1144.04300
26.88213,1144.04300
26.88714,1142.43160
26.89216,1144.04300
26.89717,1144.04300
26.90219,1144.04300
26.90720,1144.04300
26.91222,1144.04300
26.91724,1144.04300
26.92225,1144.04300
26.92726,1144.04300
26.93228,1144.04300
26.93729,1144.04300
26.94231,1144.04300
26.94732,1142.43160
26.95234,1142.43160
26.95735,1142.43160
26.96237,1142.43160
26.96738,1142.43160
26.97240,1142.43160
26.97741,1142.43160
26.98243,1142.43160
26.98744,1142.43160
26.99246,1142.43160
26.99747,1142.43160
27.00249,1142.43160
27.00750,1142.43160
27.01252,1142.43160
27.01754,1142.43160
27.02255,1142.43160
27.02757,1142.43160
27.03258,1142.43160
27.03760,1142.43160
27.04261,1142.43160
27.04763,1142.43160
27.05265,1142.43160
27.05766,1142.43160
27.06268,1142.43160
27.06769,1140.82030
27.07271,1140.82030
27.07772,1140.82030
27.08274,1140.82030
27.08775,1140.82030
27.09277,1140.82030
27.09778,1142.43160
27.10280,1142.43160
27.10781,1142.43160
27.11283,1140.82030
27.11784,1142.43160
27.12286,1142.43160
27.12787,1140.82030
27.13289,1140.82030
27.13790,1142.43160
27.14292,1142.43160
27.14793,1142.43160
27.15295,1140.82030
27.15796,1142.43160
27.16298,1142.43160
27.16799,1142.43160
27.17301,1142.43160
27.17803,1142.43160
27.18304,1142.43160
27.18806,1140.82030
27.19307,1142.43160
27.19809,1140.82030
27.20310,1142.43160
27.20812,1140.82030
27.21313,1140.82030
27.21815,1140.82030
27.22317,1140.82030
27.22818,1140.82030
27.23320,1142.43160
27.23821,1140.82030
27.24323,1140.82030
27.24824,1140.82030
27.25326,1140.82030
27.25827,1140.82030
27.26329,1140.82030
27.26830,1140.82030
27.27332,1140.82030
27.27833,1140.82030
27.28334,1140.82030
27.28836,1140.82030
27.29337,1140.82030
27.29839,1140.82030
27.30340,1140.82030
27.30842,1140.82030
27.31344,1140.82030
27.31845,1140.82030
27.32347,1140.82030
27.32848,1140.82030
27.33350,1142.43160
27.33851,1140.82030
27.34353,1142.43160
27.34854,1140.82030
27.35356,1140.82030
27.35858,1140.82030
27.36359,1140.82030
27.36861,1140.82030
27.37362,1140.82030
27.37864,1140.82030
27.38365,1142.43160
27.38867,1140.82030
27.39369,1142.43160
27.39870,1140.82030
27.40372,1140.82030
27.40873,1140.82030
27.41375,1140.82030
27.41876,1140.82030
27.42377,1140.82030
27.42879,1140.82030
27.43380,1140.82030
27.43882,1140.82030
27.44383,1140.82030
27.44885,1140.82030
27.45386,1139.20890
27.45888,1139.20890
27.46389,1139.20890
27.46891,1139.20890
27.47392,1139.20890
27.47894,1139.20890
27.48396,1139.20890
27.48897,1139.20890
27.49399,1139.20890
27.49900,1140.82030
27.50402,1142.43160
27.50903,1144.04300
27.51405,1145.65430
27.51906,1147.26560
27.52408,1147.26560
27.52910,1140.82030
27.53411,626.80660
27.53913,385.10743
27.54414,265.86914
27.54916,180.46875
27.55417,120.84961
27.55919,80.56641
27.56420,54.78516
27.56922,37.06055
27.57424,24.16992
27.57925,17.72461
27.58426,12.89062
27.58928,9.66797
27.59429,6.44531
27.59931,6.44531
27.60432,4.83398
27.60934,3.22266
27.61435,3.22266
27.61937,3.22266
27.62438,3.22266
27.62940,1.61133
27.63441,3.22266
27.63943,3.22266
27.64444,1.61133
27.64946,1.61133
27.65448,1.61133
27.65949,1.61133
27.66451,1.61133
27.66952,1.61133
27.67454,1.61133
27.67955,1.61133
27.68457,1.61133
27.68958,1.61133
27.69460,1.61133
27.69962,1.61133
27.70463,1.61133
27.70965,1.61133
27.71466,1.61133
27.71968,1.61133
27.72469,1.61133
27.72971,1.61133
27.73472,1.61133
27.73974,1.61133
27.74475,1.61133
27.74977,1.61133
27.75478,1.61133
27.75980,1.61133
27.76481,1.61133
27.76982,1.61133
27.77484,1.61133
27.77986,0.00000
27.78487,1.61133
27.78989,1.61133
27.79490,1.61133
27.79992,1.61133
27.80493,1.61133
27.80995,1.61133
27.81496,0.00000
27.81998,1.61133
27.82499,1.61133
27.83001,1.61133
27.83503,1.61133
27.84004,1.61133
27.84506,1.61133
27.85007,1.61133
27.85509,1.61133
27.86010,1.61133
27.86512,1.61133
27.87013,1.61133
27.87515,0.00000
27.88017,1.61133
27.88518,1.61133
27.89020,1.61133
27.89521,1.61133
27.90023,1.61133
27.90524,1.61133
27.91026,1.61133
27.91527,1.61133
27.92028,1.61133
27.92530,1.61133
27.93031,1.61133
27.93533,1.61133
27.94034,1.61133
27.94536,1.61133
27.95037,1.61133
27.95539,1.61133
27.96041,1.61133
27.96542,1.61133
27.97044,1.61133
27.97545,1.61133
27.98047,1.61133
27.98548,1.61133
27.99050,1.61133
27.99551,0.00000
28.00053,1.61133
28.00555,1.61133
28.01056,1.61133
28.01558,1.61133
28.02059,1.61133
28.02561,1.61133
28.03062,1.61133
28.03564,1.61133
28.04065,1.61133
28.04567,1.61133
28.05069,1.61133
28.05570,1.61133
28.06072,1.61133
28.06573,1.61133
28.07075,1.61133
28.07576,1.61133
28.08077,1.61133
28.08579,1.61133
28.09080,1.61133
28.09582,0.00000
28.10083,1.61133
28.10585,1.61133
28.11086,1.61133
28.11588,1.61133
28.12089,1.61133
28.12591,1.61133
28.13092,1.61133
28.13594,1.61133
28.14096,1.61133
28.14597,1.61133
28.15099,1.61133
28.15600,1.61133
28.16102,1.61133
28.16603,1.61133
28.17105,1.61133
28.17606,1.61133
28.18108,1.61133
28.18610,1.61133
28.19111,1.61133
28.19613,1.61133
28.20114,0.00000
28.20616,1.61133
28.21117,1.61133
28.21619,1.61133
28.22120,1.61133
28.22622,1.61133
28.23124,1.61133
28.23625,1.61133
28.24126,1.61133
28.24628,1.61133
28.25129,1.61133
28.25631,1.61133
28.26132,1.61133
28.26634,1.61133
28.27135,1.61133
28.27637,1.61133
28.28138,1.61133
28.28640,1.61133
28.29141,1.61133
28.29643,1.61133
28.30144,1.61133
28.30646,1.61133
28.31148,1.61133
28.31649,1.61133
28.32151,1.61133
28.32652,1.61133
28.33154,1.61133
28.33655,1.61133
28.34157,1.61133
28.34658,1.61133
28.35160,1.61133
28.35662,1.61133
28.36163,1.61133
28.36665,1.61133
28.37166,1.61133
28.37668,1.61133
28.38169,1.61133
28.38671,1.61133
28.39172,1.61133
28.39674,1.61133
28.40175,1.61133
28.40677,1.61133
28.41178,1.61133
28.41680,1.61133
28.42181,1.61133
28.42682,1.61133
28.43184,1.61133
28.43685,1.61133
28.44187,1.61133
28.44689,1.61133
28.45190,1.61133
28.45692,1.61133
28.46193,1.61133
28.46695,1.61133
28.47196,1.61133
28.47698,1.61133
28.48199,1.61133
28.48701,1.61133
28.49203,0.00000
28.49704,1.61133
28.50206,1.61133
28.50707,1.61133
28.51209,1.61133
28.51710,0.00000
28.52212,1.61133
28.52713,1.61133
28.53215,1.61133
28.53717,1.61133
28.54218,1.61133
28.54720,1.61133
28.55221,1.61133
28.55723,1.61133
28.56224,1.61133
28.56726,1.61133
28.57227,1.61133
28.57728,1.61133
28.58230,1.61133
28.58731,0.00000
28.59233,1.61133
28.59734,0.00000
28.60236,1.61133
28.60737,1.61133
28.61239,1.61133
28.61741,1.61133
28.62242,1.61133
28.62744,1.61133
28.63245,1.61133
28.63747,1.61133
28.64248,1.61133
28.64750,1.61133
28.65251,1.61133
28.65753,1.61133
28.66255,1.61133
28.66756,1.61133
28.67258,1.61133
28.67759,0.00000
28.68261,1.61133
28.68762,1.61133
28.69264,1.61133
28.69765,1.61133
28.70267,1.61133
28.70769,1.61133
28.71270,1.61133
28.71772,1.61133
28.72273,1.61133
28.72774,1.61133
28.73276,1.61133
28.73777,1.61133
28.74279,1.61133
28.74780,1.61133
28.75282,1.61133
28.75783,1.61133
28.76285,1.61133
28.76786,1.61133
28.77288,1.61133
28.77789,1.61133
28.78291,1.61133
28.78792,1.61133
28.79294,1.61133
28.79796,1.61133
28.80297,1.61133
28.80799,1.61133
28.81300,1.61133
28.81802,0.00000
28.82303,1.61133
28.82805,1.61133
28.83306,1.61133
28.83808,1.61133
28.84310,1.61133
28.84811,1.61133
28.85313,0.00000
28.85814,1.61133
28.86316,1.61133
28.86817,1.61133
28.87319,1.61133
28.87821,1.61133
28.88322,1.61133
28.88823,1.61133
28.89325,1.61133
28.89826,1.61133
28.90328,1.61133
28.90829,1.61133
28.91331,1.61133
28.91832,0.00000
28.92334,1.61133
28.92835,1.61133
28.93337,1.61133
28.93838,1.61133
28.94340,1.61133
28.94841,1.61133
28.95343,1.61133
28.95844,1.61133
28.96346,1.61133
28.96848,1.61133
28.97349,0.00000
28.97851,1.61133
28.98352,1.61133
28.98854,1.61133
28.99355,1.61133
28.99857,1.61133
29.00358,1.61133
29.00860,1.61133
29.01362,1.61133
29.01863,1.61133
29.02365,1.61133
29.02866,1.61133
29.03368,1.61133
29.03869,1.61133
29.04371,1.61133
29.04872,1.61133
29.05374,1.61133
29.05875,1.61133
29.06377,1.61133
29.06878,1.61133
29.07379,1.61133
29.07881,1.61133
29.08382,1.61133
29.08884,1.61133
29.09385,1.61133
29.09887,1.61133
29.10388,1.61133
29.10890,1.61133
29.11392,1.61133
29.11893,1.61133
29.12395,1.61133
29.12896,1.61133
29.13398,1.61133
29.13899,1.61133
29.14401,1.61133
29.14903,1.61133
29.15404,1.61133
29.15906,1.61133
29.16407,1.61133
29.16909,1.61133
29.17410,1.61133
29.17912,1.61133
29.18414,1.61133
29.18915,1.61133
29.19417,1.61133
29.19918,1.61133
29.20420,1.61133
29.20921,1.61133
29.21423,1.61133
29.21924,1.61133
29.22425,1.61133
29.22927,1.61133
29.23428,1.61133
29.23930,1.61133
29.24431,1.61133
29.24933,1.61133
29.25434,1.61133
29.25936,1.61133
29.26437,1.61133
29.26939,1.61133
29.27441,1.61133
29.27942,1.61133
29.28444,1.61133
29.28945,1.61133
29.29447,1.61133
29.29948,1.61133
29.30450,1.61133
29.30951,1.61133
29.31453,1.61133
29.31955,1.61133
29.32456,1.61133
29.32958,1.61133
29.33459,1.61133
29.33961,1.61133
29.34462,1.61133
29.34964,1.61133
29.35465,1.61133
29.35967,1.61133
29.36469,1.61133
29.36970,1.61133
29.37471,1.61133
29.37973,1.61133
29.38474,1.61133
29.38976,1.61133
29.39477,1.61133
29.39979,1.61133
29.40480,1.61133
29.40982,1.61133
29.41483,1.61133
29.41985,1.61133
29.42486,1.61133
29.42988,1.61133
29.43489,1.61133
29.43991,1.61133
29.44493,0.00000
29.44994,1.61133
29.45496,1.61133
29.45997,1.61133
29.46499,0.00000
29.47000,1.61133
29.47502,1.61133
29.48003,1.61133
29.48505,1.61133
29.49007,0.00000
29.49508,1.61133
29.50010,1.61133
29.50511,1.61133
29.51013,1.61133
29.51514,1.61133
29.52016,1.61133
29.52517,1.61133
29.53019,1.61133
29.53520,1.61133
29.54022,1.61133
29.54523,1.61133
29.55025,1.61133
29.55526,1.61133
29.56028,1.61133
29.56529,1.61133
29.57031,1.61133
29.57532,1.61133
29.58034,1.61133
29.58535,1.61133
29.59037,1.61133
29.59538,1.61133
29.60040,1.61133
29.60541,1.61133
29.61043,1.61133
29.61544,1.61133
29.62046,1.61133
29.62548,1.61133
29.63049,1.61133
29.63551,1.61133
29.64052,0.00000
29.64554,1.61133
29.65055,1.61133
29.65557,1.61133
29.66058,1.61133
29.66560,1.61133
29.67062,1.61133
29.67563,1.61133
29.68065,1.61133
29.68566,1.61133
29.69068,1.61133
29.69569,1.61133
29.70071,1.61133
29.70572,1.61133
29.71074,1.61133
29.71575,1.61133
29.72076,1.61133
29.72578,1.61133
29.73079,1.61133
29.73581,1.61133
29.74082,1.61133
29.74584,1.61133
29.75086,1.61133
29.75587,0.00000
29.76089,1.61133
29.76590,0.00000
29.77092,1.61133
29.77593,1.61133
29.78095,1.61133
29.78596,0.00000
29.79098,1.61133
29.79600,1.61133
29.80101,1.61133
29.80603,1.61133
29.81104,0.00000
29.81606,1.61133
29.82107,1.61133
29.82609,1.61133
29.83110,1.61133
29.83612,1.61133
29.84114,1.61133
29.84615,1.61133
29.85117,1.61133
29.85618,1.61133
29.86120,1.61133
29.86621,0.00000
29.87122,1.61133
29.87624,1.61133
29.88125,0.00000
29.88627,1.61133
29.89128,1.61133
29.89630,1.61133
29.90131,1.61133
29.90633,1.61133
29.91134,1.61133
29.91636,0.00000
29.92137,1.61133
29.92639,1.61133
29.93141,0.00000
29.93642,1.61133
29.94144,1.61133
29.94645,1.61133
29.95147,1.61133
29.95648,1.61133
29.96150,1.61133
29.96651,1.61133
29.97153,1.61133
29.97655,1.61133
29.98156,1.61133
29.98658,1.61133
29.99159,1.61133
29.99661,1.61133
30.00162,1.61133
30.00664,1.61133
30.01165,1.61133
30.01667,1.61133
30.02169,1.61133
30.02670,1.61133
30.03171,1.61133
30.03673,1.61133
30.04174,1.61133
30.04676,0.00000
30.05177,1.61133
30.05679,1.61133
30.06180,1.61133
30.06682,1.61133
30.07183,1.61133
30.07685,1.61133
30.08186,1.61133
30.08688,1.61133
30.09189,1.61133
30.09691,1.61133
30.10193,1.61133
30.10694,1.61133
30.11196,1.61133
30.11697,1.61133
30.12199,1.61133
30.12700,1.61133
30.13202,0.00000
30.13703,1.61133
30.14205,1.61133
30.14707,1.61133
30.15208,1.61133
30.15710,1.61133
30.16211,0.00000
30.16713,1.61133
30.17214,1.61133
30.17716,1.61133
30.18217,1.61133
30.18719,1.61133
30.19220,1.61133
30.19722,1.61133
30.20223,1.61133
30.20725,1.61133
30.21226,1.61133
30.21727,1.61133
30.22229,1.61133
30.22731,1.61133
30.23232,1.61133
30.23734,1.61133
30.24235,1.61133
30.24737,1.61133
30.25238,1.61133
30.25740,1.61133
30.26241,0.00000
30.26743,1.61133
30.27244,1.61133
30.27746,1.61133
30.28248,1.61133
30.28749,1.61133
30.29251,1.61133
30.29752,1.61133
30.30254,1.61133
30.30755,1.61133
30.31257,1.61133
30.31758,1.61133
30.32260,1.61133
30.32762,1.61133
30.33263,1.61133
30.33765,1.61133
30.34266,1.61133
30.34768,1.61133
30.35269,1.61133
30.35771,0.00000
30.36272,1.61133
30.36773,1.61133
30.37275,1.61133
30.37776,1.61133
30.38278,1.61133
30.38779,1.61133
30.39281,1.61133
30.39782,1.61133
30.40284,1.61133
30.40786,0.00000
30.41287,1.61133
30.41789,1.61133
30.42290,0.00000
30.42792,1.61133
30.43293,1.61133
30.43795,1.61133
30.44296,1.61133
30.44798,1.61133
30.45300,1.61133
30.45801,1.61133
30.46303,1.61133
30.46804,1.61133
30.47306,1.61133
30.47807,1.61133
30.48309,0.00000
30.48810,1.61133
30.49312,1.61133
30.49814,1.61133
30.50315,1.61133
30.50817,1.61133
30.51318,1.61133
30.51819,1.61133
30.52321,1.61133
30.52822,1.61133
30.53324,1.61133
30.53825,1.61133
30.54327,1.61133
30.54828,1.61133
30.55330,1.61133
30.55831,1.61133
30.56333,1.61133
30.56834,1.61133
30.57336,1.61133
30.57837,1.61133
30.58339,1.61133
30.58841,1.61133
30.59342,1.61133
30.59844,1.61133
30.60345,1.61133
30.60847,0.00000
30.61348,1.61133
30.61850,1.61133
30.62352,1.61133
30.62853,1.61133
30.63355,1.61133
30.63856,1.61133
30.64358,1.61133
30.64859,1.61133
30.65361,1.61133
30.65862,1.61133
30.66364,1.61133
30.66866,1.61133
30.67367,1.61133
30.67868,1.61133
30.68370,1.61133
30.68871,1.61133
30.69373,1.61133
30.69874,1.61133
30.70376,1.61133
30.70877,1.61133
30.71379,0.00000
30.71880,1.61133
30.72382,1.61133
30.72883,1.61133
30.73385,1.61133
30.73886,1.61133
30.74388,1.61133
30.74889,1.61133
30.75391,1.61133
30.75893,1.61133
30.76394,1.61133
30.76896,1.61133
30.77397,1.61133
30.77899,1.61133
30.78400,1.61133
30.78902,1.61133
30.79403,1.61133
30.79905,1.61133
30.80407,1.61133
30.80908,1.61133
30.81410,1.61133
30.81911,1.61133
30.82413,1.61133
30.82914,1.61133
30.83416,1.61133
30.83917,1.61133
30.84419,1.61133
30.84920,1.61133
30.85422,1.61133
30.85923,1.61133
30.86425,1.61133
30.86926,1.61133
30.87428,1.61133
30.87929,1.61133
30.88431,0.00000
30.88932,1.61133
30.89434,0.00000
30.89935,1.61133
30.90437,1.61133
30.90938,1.61133
30.91440,1.61133
30.91941,1.61133
30.92443,1.61133
30.92945,1.61133
30.93446,1.61133
30.93948,1.61133
30.94449,1.61133
30.94951,1.61133
30.95452,1.61133
30.95954,1.61133
30.96455,1.61133
30.96957,1.61133
30.97459,1.61133
30.97960,1.61133
30.98462,1.61133
30.98963,1.61133
30.99465,1.61133
30.99966,1.61133
31.00468,1.61133
31.00969,1.61133
31.01470,1.61133
31.01972,1.61133
31.02473,1.61133
31.02975,1.61133
31.03476,1.61133
31.03978,1.61133
31.04479,1.61133
31.04981,1.61133
31.05482,1.61133
31.05984,1.61133
31.06486,1.61133
31.06987,1.61133
31.07489,1.61133
31.07990,1.61133
31.08492,1.61133
31.08993,1.61133
31.09495,1.61133
31.09996,1.61133
31.10498,1.61133
31.11000,1.61133
31.11501,1.61133
31.12003,1.61133
31.12504,1.61133
31.13006,0.00000
31.13507,1.61133
31.14009,1.61133
31.14510,1.61133
31.15012,1.61133
31.15514,1.61133
31.16015,1.61133
31.16517,1.61133
31.17018,1.61133
31.17519,1.61133
31.18021,1.61133
31.18522,1.61133
31.19024,1.61133
31.19525,1.61133
31.20027,1.61133
31.20528,0.00000
31.21030,1.61133
31.21531,1.61133
31.22033,1.61133
31.22534,1.61133
31.23036,1.61133
31.23538,1.61133
31.24039,1.61133
31.24541,1.61133
31.25042,1.61133
31.25544,1.61133
31.26045,1.61133
31.26547,0.00000
31.27048,1.61133
31.27550,1.61133
31.28052,1.61133
31.28553,1.61133
31.29055,0.00000
31.29556,1.61133
31.30058,1.61133
31.30559,1.61133
31.31061,1.61133
31.31562,1.61133
31.32064,1.61133
31.32566,1.61133
31.33067,1.61133
31.33568,1.61133
31.34070,1.61133
31.34571,1.61133
31.35073,1.61133
31.35574,1.61133
31.36076,1.61133
31.36577,1.61133
31.37079,1.61133
31.37580,1.61133
31.38082,1.61133
31.38583,1.61133
31.39085,1.61133
31.39586,1.61133
31.40088,1.61133
31.40589,1.61133
31.41091,1.61133
31.41593,1.61133
31.42094,1.61133
31.42596,1.61133
31.43097,1.61133
31.43599,1.61133
31.44100,0.00000
31.44602,1.61133
31.45103,1.61133
31.45605,1.61133
31.46107,1.61133
31.46608,1.61133
31.47110,1.61133
31.47611,1.61133
31.48113,0.00000
31.48614,0.00000
31.49116,1.61133
31.49617,1.61133
31.50119,1.61133
31.50620,1.61133
31.51121,1.61133
31.51623,1.61133
31.52124,1.61133
31.52626,1.61133
31.53127,1.61133
31.53629,1.61133
31.54131,1.61133
31.54632,1.61133
31.55134,1.61133
31.55635,1.61133
31.56137,1.61133
31.56638,1.61133
31.57140,1.61133
31.57641,1.61133
31.58143,1.61133
31.58645,1.61133
31.59146,1.61133
31.59648,1.61133
31.60149,1.61133
31.60651,1.61133
31.61152,1.61133
31.61654,0.00000
31.62155,1.61133
31.62657,1.61133
31.63159,1.61133
31.63660,1.61133
31.64162,1.61133
31.64663,1.61133
31.65165,1.61133
31.65666,1.61133
31.66168,1.61133
31.66669,1.61133
31.67170,1.61133
31.67672,1.61133
31.68173,1.61133
31.68675,1.61133
31.69176,1.61133
31.69678,1.61133
31.70179,1.61133
31.70681,1.61133
31.71182,1.61133
31.71684,1.61133
31.72186,1.61133
31.72687,1.61133
31.73189,1.61133
31.73690,1.61133
31.74192,1.61133
31.74693,1.61133
31.75195,1.61133
31.75696,1.61133
31.76198,1.61133
31.76700,1.61133
31.77201,1.61133
31.77703,1.61133
31.78204,1.61133
31.78706,1.61133
31.79207,1.61133
31.79709,1.61133
31.80210,1.61133
31.80712,1.61133
31.81214,1.61133
31.81715,1.61133
31.82216,1.61133
31.82718,1.61133
31.83219,1.61133
31.83721,0.00000
31.84222,1.61133
31.84724,1.61133
31.85225,1.61133
31.85727,1.61133
31.86228,1.61133
31.86730,1.61133
31.87231,1.61133
31.87733,1.61133
31.88234,1.61133
31.88736,1.61133
31.89238,1.61133
31.89739,1.61133
31.90241,1.61133
31.90742,1.61133
31.91244,1.61133
31.91745,1.61133
31.92247,1.61133
31.92748,1.61133
31.93250,1.61133
31.93752,1.61133
31.94253,1.61133
31.94755,0.00000
31.95256,1.61133
31.95758,1.61133
31.96259,1.61133
31.96761,1.61133
31.97262,1.61133
31.97764,1.61133
31.98265,1.61133
31.98767,0.00000
31.99268,1.61133
31.99770,1.61133
32.00271,0.00000
32.00773,1.61133
32.01274,1.61133
32.01776,1.61133
32.02277,1.61133
32.02779,1.61133
32.03280,1.61133
32.03782,1.61133
32.04283,1.61133
32.04785,1.61133
32.05286,1.61133
32.05788,1.61133
32.06289,1.61133
32.06791,1.61133
32.07293,1.61133
32.07794,1.61133
32.08296,1.61133
32.08797,1.61133
32.09299,1.61133
32.09800,1.61133
32.10302,1.61133
32.10804,1.61133
32.11305,1.61133
32.11807,1.61133
32.12308,0.00000
32.12810,1.61133
32.13311,1.61133
32.13813,1.61133
32.14314,1.61133
32.14816,1.61133
32.15317,1.61133
32.15819,1.61133
32.16320,1.61133
32.16821,1.61133
32.17323,1.61133
