16:42:02 **** Build of configuration Debug for project MAG_SAT_firm_project ****
make -j28 all 
arm-none-eabi-gcc "../Drivers/STM32G4xx_HAL_Driver/Src/stm32g4xx_hal.c" -mcpu=cortex-m4 -std=gnu11 -g3 -DSTM32G431xx -DUSE_HAL_DRIVER -DDEBUG -c -I../Core/Inc -I../Drivers/STM32G4xx_HAL_Driver/Inc -I../Drivers/STM32G4xx_HAL_Driver/Inc/Legacy -I../Drivers/CMSIS/Device/ST/STM32G4xx/Include -I../Drivers/CMSIS/Include -O0 -ffunction-sections -fdata-sections -Wall -fstack-usage -MMD -MP -MF"Drivers/STM32G4xx_HAL_Driver/Src/stm32g4xx_hal.d" -MT"Drivers/STM32G4xx_HAL_Driver/Src/stm32g4xx_hal.o" --specs=nano.specs -mfpu=fpv4-sp-d16 -mfloat-abi=hard -mthumb -o "Drivers/STM32G4xx_HAL_Driver/Src/stm32g4xx_hal.o"
arm-none-eabi-gcc "../Drivers/STM32G4xx_HAL_Driver/Src/stm32g4xx_hal_adc.c" -mcpu=cortex-m4 -std=gnu11 -g3 -DSTM32G431xx -DUSE_HAL_DRIVER -DDEBUG -c -I../Core/Inc -I../Drivers/STM32G4xx_HAL_Driver/Inc -I../Drivers/STM32G4xx_HAL_Driver/Inc/Legacy -I../Drivers/CMSIS/Device/ST/STM32G4xx/Include -I../Drivers/CMSIS/Include -O0 -ffunction-sections -fdata-sections -Wall -fstack-usage -MMD -MP -MF"Drivers/STM32G4xx_HAL_Driver/Src/stm32g4xx_hal_adc.d" -MT"Drivers/STM32G4xx_HAL_Driver/Src/stm32g4xx_hal_adc.o" --specs=nano.specs -mfpu=fpv4-sp-d16 -mfloat-abi=hard -mthumb -o "Drivers/STM32G4xx_HAL_Driver/Src/stm32g4xx_hal_adc.o"
arm-none-eabi-gcc "../Drivers/STM32G4xx_HAL_Driver/Src/stm32g4xx_hal_adc_ex.c" -mcpu=cortex-m4 -std=gnu11 -g3 -DSTM32G431xx -DUSE_HAL_DRIVER -DDEBUG -c -I../Core/Inc -I../Drivers/STM32G4xx_HAL_Driver/Inc -I../Drivers/STM32G4xx_HAL_Driver/Inc/Legacy -I../Drivers/CMSIS/Device/ST/STM32G4xx/Include -I../Drivers/CMSIS/Include -O0 -ffunction-sections -fdata-sections -Wall -fstack-usage -MMD -MP -MF"Drivers/STM32G4xx_HAL_Driver/Src/stm32g4xx_hal_adc_ex.d" -MT"Drivers/STM32G4xx_HAL_Driver/Src/stm32g4xx_hal_adc_ex.o" --specs=nano.specs -mfpu=fpv4-sp-d16 -mfloat-abi=hard -mthumb -o "Drivers/STM32G4xx_HAL_Driver/Src/stm32g4xx_hal_adc_ex.o"
arm-none-eabi-gcc "../Drivers/STM32G4xx_HAL_Driver/Src/stm32g4xx_hal_cortex.c" -mcpu=cortex-m4 -std=gnu11 -g3 -DSTM32G431xx -DUSE_HAL_DRIVER -DDEBUG -c -I../Core/Inc -I../Drivers/STM32G4xx_HAL_Driver/Inc -I../Drivers/STM32G4xx_HAL_Driver/Inc/Legacy -I../Drivers/CMSIS/Device/ST/STM32G4xx/Include -I../Drivers/CMSIS/Include -O0 -ffunction-sections -fdata-sections -Wall -fstack-usage -MMD -MP -MF"Drivers/STM32G4xx_HAL_Driver/Src/stm32g4xx_hal_cortex.d" -MT"Drivers/STM32G4xx_HAL_Driver/Src/stm32g4xx_hal_cortex.o" --specs=nano.specs -mfpu=fpv4-sp-d16 -mfloat-abi=hard -mthumb -o "Drivers/STM32G4xx_HAL_Driver/Src/stm32g4xx_hal_cortex.o"
arm-none-eabi-gcc "../Drivers/STM32G4xx_HAL_Driver/Src/stm32g4xx_hal_dma.c" -mcpu=cortex-m4 -std=gnu11 -g3 -DSTM32G431xx -DUSE_HAL_DRIVER -DDEBUG -c -I../Core/Inc -I../Drivers/STM32G4xx_HAL_Driver/Inc -I../Drivers/STM32G4xx_HAL_Driver/Inc/Legacy -I../Drivers/CMSIS/Device/ST/STM32G4xx/Include -I../Drivers/CMSIS/Include -O0 -ffunction-sections -fdata-sections -Wall -fstack-usage -MMD -MP -MF"Drivers/STM32G4xx_HAL_Driver/Src/stm32g4xx_hal_dma.d" -MT"Drivers/STM32G4xx_HAL_Driver/Src/stm32g4xx_hal_dma.o" --specs=nano.specs -mfpu=fpv4-sp-d16 -mfloat-abi=hard -mthumb -o "Drivers/STM32G4xx_HAL_Driver/Src/stm32g4xx_hal_dma.o"
arm-none-eabi-gcc "../Drivers/STM32G4xx_HAL_Driver/Src/stm32g4xx_hal_dma_ex.c" -mcpu=cortex-m4 -std=gnu11 -g3 -DSTM32G431xx -DUSE_HAL_DRIVER -DDEBUG -c -I../Core/Inc -I../Drivers/STM32G4xx_HAL_Driver/Inc -I../Drivers/STM32G4xx_HAL_Driver/Inc/Legacy -I../Drivers/CMSIS/Device/ST/STM32G4xx/Include -I../Drivers/CMSIS/Include -O0 -ffunction-sections -fdata-sections -Wall -fstack-usage -MMD -MP -MF"Drivers/STM32G4xx_HAL_Driver/Src/stm32g4xx_hal_dma_ex.d" -MT"Drivers/STM32G4xx_HAL_Driver/Src/stm32g4xx_hal_dma_ex.o" --specs=nano.specs -mfpu=fpv4-sp-d16 -mfloat-abi=hard -mthumb -o "Drivers/STM32G4xx_HAL_Driver/Src/stm32g4xx_hal_dma_ex.o"
arm-none-eabi-gcc "../Drivers/STM32G4xx_HAL_Driver/Src/stm32g4xx_hal_exti.c" -mcpu=cortex-m4 -std=gnu11 -g3 -DSTM32G431xx -DUSE_HAL_DRIVER -DDEBUG -c -I../Core/Inc -I../Drivers/STM32G4xx_HAL_Driver/Inc -I../Drivers/STM32G4xx_HAL_Driver/Inc/Legacy -I../Drivers/CMSIS/Device/ST/STM32G4xx/Include -I../Drivers/CMSIS/Include -O0 -ffunction-sections -fdata-sections -Wall -fstack-usage -MMD -MP -MF"Drivers/STM32G4xx_HAL_Driver/Src/stm32g4xx_hal_exti.d" -MT"Drivers/STM32G4xx_HAL_Driver/Src/stm32g4xx_hal_exti.o" --specs=nano.specs -mfpu=fpv4-sp-d16 -mfloat-abi=hard -mthumb -o "Drivers/STM32G4xx_HAL_Driver/Src/stm32g4xx_hal_exti.o"
arm-none-eabi-gcc "../Drivers/STM32G4xx_HAL_Driver/Src/stm32g4xx_hal_flash.c" -mcpu=cortex-m4 -std=gnu11 -g3 -DSTM32G431xx -DUSE_HAL_DRIVER -DDEBUG -c -I../Core/Inc -I../Drivers/STM32G4xx_HAL_Driver/Inc -I../Drivers/STM32G4xx_HAL_Driver/Inc/Legacy -I../Drivers/CMSIS/Device/ST/STM32G4xx/Include -I../Drivers/CMSIS/Include -O0 -ffunction-sections -fdata-sections -Wall -fstack-usage -MMD -MP -MF"Drivers/STM32G4xx_HAL_Driver/Src/stm32g4xx_hal_flash.d" -MT"Drivers/STM32G4xx_HAL_Driver/Src/stm32g4xx_hal_flash.o" --specs=nano.specs -mfpu=fpv4-sp-d16 -mfloat-abi=hard -mthumb -o "Drivers/STM32G4xx_HAL_Driver/Src/stm32g4xx_hal_flash.o"
arm-none-eabi-gcc "../Drivers/STM32G4xx_HAL_Driver/Src/stm32g4xx_hal_flash_ex.c" -mcpu=cortex-m4 -std=gnu11 -g3 -DSTM32G431xx -DUSE_HAL_DRIVER -DDEBUG -c -I../Core/Inc -I../Drivers/STM32G4xx_HAL_Driver/Inc -I../Drivers/STM32G4xx_HAL_Driver/Inc/Legacy -I../Drivers/CMSIS/Device/ST/STM32G4xx/Include -I../Drivers/CMSIS/Include -O0 -ffunction-sections -fdata-sections -Wall -fstack-usage -MMD -MP -MF"Drivers/STM32G4xx_HAL_Driver/Src/stm32g4xx_hal_flash_ex.d" -MT"Drivers/STM32G4xx_HAL_Driver/Src/stm32g4xx_hal_flash_ex.o" --specs=nano.specs -mfpu=fpv4-sp-d16 -mfloat-abi=hard -mthumb -o "Drivers/STM32G4xx_HAL_Driver/Src/stm32g4xx_hal_flash_ex.o"
arm-none-eabi-gcc "../Drivers/STM32G4xx_HAL_Driver/Src/stm32g4xx_hal_flash_ramfunc.c" -mcpu=cortex-m4 -std=gnu11 -g3 -DSTM32G431xx -DUSE_HAL_DRIVER -DDEBUG -c -I../Core/Inc -I../Drivers/STM32G4xx_HAL_Driver/Inc -I../Drivers/STM32G4xx_HAL_Driver/Inc/Legacy -I../Drivers/CMSIS/Device/ST/STM32G4xx/Include -I../Drivers/CMSIS/Include -O0 -ffunction-sections -fdata-sections -Wall -fstack-usage -MMD -MP -MF"Drivers/STM32G4xx_HAL_Driver/Src/stm32g4xx_hal_flash_ramfunc.d" -MT"Drivers/STM32G4xx_HAL_Driver/Src/stm32g4xx_hal_flash_ramfunc.o" --specs=nano.specs -mfpu=fpv4-sp-d16 -mfloat-abi=hard -mthumb -o "Drivers/STM32G4xx_HAL_Driver/Src/stm32g4xx_hal_flash_ramfunc.o"
arm-none-eabi-gcc "../Drivers/STM32G4xx_HAL_Driver/Src/stm32g4xx_hal_gpio.c" -mcpu=cortex-m4 -std=gnu11 -g3 -DSTM32G431xx -DUSE_HAL_DRIVER -DDEBUG -c -I../Core/Inc -I../Drivers/STM32G4xx_HAL_Driver/Inc -I../Drivers/STM32G4xx_HAL_Driver/Inc/Legacy -I../Drivers/CMSIS/Device/ST/STM32G4xx/Include -I../Drivers/CMSIS/Include -O0 -ffunction-sections -fdata-sections -Wall -fstack-usage -MMD -MP -MF"Drivers/STM32G4xx_HAL_Driver/Src/stm32g4xx_hal_gpio.d" -MT"Drivers/STM32G4xx_HAL_Driver/Src/stm32g4xx_hal_gpio.o" --specs=nano.specs -mfpu=fpv4-sp-d16 -mfloat-abi=hard -mthumb -o "Drivers/STM32G4xx_HAL_Driver/Src/stm32g4xx_hal_gpio.o"
arm-none-eabi-gcc "../Drivers/STM32G4xx_HAL_Driver/Src/stm32g4xx_hal_i2c.c" -mcpu=cortex-m4 -std=gnu11 -g3 -DSTM32G431xx -DUSE_HAL_DRIVER -DDEBUG -c -I../Core/Inc -I../Drivers/STM32G4xx_HAL_Driver/Inc -I../Drivers/STM32G4xx_HAL_Driver/Inc/Legacy -I../Drivers/CMSIS/Device/ST/STM32G4xx/Include -I../Drivers/CMSIS/Include -O0 -ffunction-sections -fdata-sections -Wall -fstack-usage -MMD -MP -MF"Drivers/STM32G4xx_HAL_Driver/Src/stm32g4xx_hal_i2c.d" -MT"Drivers/STM32G4xx_HAL_Driver/Src/stm32g4xx_hal_i2c.o" --specs=nano.specs -mfpu=fpv4-sp-d16 -mfloat-abi=hard -mthumb -o "Drivers/STM32G4xx_HAL_Driver/Src/stm32g4xx_hal_i2c.o"
arm-none-eabi-gcc "../Drivers/STM32G4xx_HAL_Driver/Src/stm32g4xx_hal_i2c_ex.c" -mcpu=cortex-m4 -std=gnu11 -g3 -DSTM32G431xx -DUSE_HAL_DRIVER -DDEBUG -c -I../Core/Inc -I../Drivers/STM32G4xx_HAL_Driver/Inc -I../Drivers/STM32G4xx_HAL_Driver/Inc/Legacy -I../Drivers/CMSIS/Device/ST/STM32G4xx/Include -I../Drivers/CMSIS/Include -O0 -ffunction-sections -fdata-sections -Wall -fstack-usage -MMD -MP -MF"Drivers/STM32G4xx_HAL_Driver/Src/stm32g4xx_hal_i2c_ex.d" -MT"Drivers/STM32G4xx_HAL_Driver/Src/stm32g4xx_hal_i2c_ex.o" --specs=nano.specs -mfpu=fpv4-sp-d16 -mfloat-abi=hard -mthumb -o "Drivers/STM32G4xx_HAL_Driver/Src/stm32g4xx_hal_i2c_ex.o"
arm-none-eabi-gcc "../Drivers/STM32G4xx_HAL_Driver/Src/stm32g4xx_hal_pwr.c" -mcpu=cortex-m4 -std=gnu11 -g3 -DSTM32G431xx -DUSE_HAL_DRIVER -DDEBUG -c -I../Core/Inc -I../Drivers/STM32G4xx_HAL_Driver/Inc -I../Drivers/STM32G4xx_HAL_Driver/Inc/Legacy -I../Drivers/CMSIS/Device/ST/STM32G4xx/Include -I../Drivers/CMSIS/Include -O0 -ffunction-sections -fdata-sections -Wall -fstack-usage -MMD -MP -MF"Drivers/STM32G4xx_HAL_Driver/Src/stm32g4xx_hal_pwr.d" -MT"Drivers/STM32G4xx_HAL_Driver/Src/stm32g4xx_hal_pwr.o" --specs=nano.specs -mfpu=fpv4-sp-d16 -mfloat-abi=hard -mthumb -o "Drivers/STM32G4xx_HAL_Driver/Src/stm32g4xx_hal_pwr.o"
arm-none-eabi-gcc "../Drivers/STM32G4xx_HAL_Driver/Src/stm32g4xx_hal_pwr_ex.c" -mcpu=cortex-m4 -std=gnu11 -g3 -DSTM32G431xx -DUSE_HAL_DRIVER -DDEBUG -c -I../Core/Inc -I../Drivers/STM32G4xx_HAL_Driver/Inc -I../Drivers/STM32G4xx_HAL_Driver/Inc/Legacy -I../Drivers/CMSIS/Device/ST/STM32G4xx/Include -I../Drivers/CMSIS/Include -O0 -ffunction-sections -fdata-sections -Wall -fstack-usage -MMD -MP -MF"Drivers/STM32G4xx_HAL_Driver/Src/stm32g4xx_hal_pwr_ex.d" -MT"Drivers/STM32G4xx_HAL_Driver/Src/stm32g4xx_hal_pwr_ex.o" --specs=nano.specs -mfpu=fpv4-sp-d16 -mfloat-abi=hard -mthumb -o "Drivers/STM32G4xx_HAL_Driver/Src/stm32g4xx_hal_pwr_ex.o"
arm-none-eabi-gcc "../Drivers/STM32G4xx_HAL_Driver/Src/stm32g4xx_hal_rcc.c" -mcpu=cortex-m4 -std=gnu11 -g3 -DSTM32G431xx -DUSE_HAL_DRIVER -DDEBUG -c -I../Core/Inc -I../Drivers/STM32G4xx_HAL_Driver/Inc -I../Drivers/STM32G4xx_HAL_Driver/Inc/Legacy -I../Drivers/CMSIS/Device/ST/STM32G4xx/Include -I../Drivers/CMSIS/Include -O0 -ffunction-sections -fdata-sections -Wall -fstack-usage -MMD -MP -MF"Drivers/STM32G4xx_HAL_Driver/Src/stm32g4xx_hal_rcc.d" -MT"Drivers/STM32G4xx_HAL_Driver/Src/stm32g4xx_hal_rcc.o" --specs=nano.specs -mfpu=fpv4-sp-d16 -mfloat-abi=hard -mthumb -o "Drivers/STM32G4xx_HAL_Driver/Src/stm32g4xx_hal_rcc.o"
arm-none-eabi-gcc "../Drivers/STM32G4xx_HAL_Driver/Src/stm32g4xx_hal_rcc_ex.c" -mcpu=cortex-m4 -std=gnu11 -g3 -DSTM32G431xx -DUSE_HAL_DRIVER -DDEBUG -c -I../Core/Inc -I../Drivers/STM32G4xx_HAL_Driver/Inc -I../Drivers/STM32G4xx_HAL_Driver/Inc/Legacy -I../Drivers/CMSIS/Device/ST/STM32G4xx/Include -I../Drivers/CMSIS/Include -O0 -ffunction-sections -fdata-sections -Wall -fstack-usage -MMD -MP -MF"Drivers/STM32G4xx_HAL_Driver/Src/stm32g4xx_hal_rcc_ex.d" -MT"Drivers/STM32G4xx_HAL_Driver/Src/stm32g4xx_hal_rcc_ex.o" --specs=nano.specs -mfpu=fpv4-sp-d16 -mfloat-abi=hard -mthumb -o "Drivers/STM32G4xx_HAL_Driver/Src/stm32g4xx_hal_rcc_ex.o"
arm-none-eabi-gcc "../Drivers/STM32G4xx_HAL_Driver/Src/stm32g4xx_hal_tim.c" -mcpu=cortex-m4 -std=gnu11 -g3 -DSTM32G431xx -DUSE_HAL_DRIVER -DDEBUG -c -I../Core/Inc -I../Drivers/STM32G4xx_HAL_Driver/Inc -I../Drivers/STM32G4xx_HAL_Driver/Inc/Legacy -I../Drivers/CMSIS/Device/ST/STM32G4xx/Include -I../Drivers/CMSIS/Include -O0 -ffunction-sections -fdata-sections -Wall -fstack-usage -MMD -MP -MF"Drivers/STM32G4xx_HAL_Driver/Src/stm32g4xx_hal_tim.d" -MT"Drivers/STM32G4xx_HAL_Driver/Src/stm32g4xx_hal_tim.o" --specs=nano.specs -mfpu=fpv4-sp-d16 -mfloat-abi=hard -mthumb -o "Drivers/STM32G4xx_HAL_Driver/Src/stm32g4xx_hal_tim.o"
arm-none-eabi-gcc "../Drivers/STM32G4xx_HAL_Driver/Src/stm32g4xx_hal_tim_ex.c" -mcpu=cortex-m4 -std=gnu11 -g3 -DSTM32G431xx -DUSE_HAL_DRIVER -DDEBUG -c -I../Core/Inc -I../Drivers/STM32G4xx_HAL_Driver/Inc -I../Drivers/STM32G4xx_HAL_Driver/Inc/Legacy -I../Drivers/CMSIS/Device/ST/STM32G4xx/Include -I../Drivers/CMSIS/Include -O0 -ffunction-sections -fdata-sections -Wall -fstack-usage -MMD -MP -MF"Drivers/STM32G4xx_HAL_Driver/Src/stm32g4xx_hal_tim_ex.d" -MT"Drivers/STM32G4xx_HAL_Driver/Src/stm32g4xx_hal_tim_ex.o" --specs=nano.specs -mfpu=fpv4-sp-d16 -mfloat-abi=hard -mthumb -o "Drivers/STM32G4xx_HAL_Driver/Src/stm32g4xx_hal_tim_ex.o"
arm-none-eabi-gcc "../Drivers/STM32G4xx_HAL_Driver/Src/stm32g4xx_ll_adc.c" -mcpu=cortex-m4 -std=gnu11 -g3 -DSTM32G431xx -DUSE_HAL_DRIVER -DDEBUG -c -I../Core/Inc -I../Drivers/STM32G4xx_HAL_Driver/Inc -I../Drivers/STM32G4xx_HAL_Driver/Inc/Legacy -I../Drivers/CMSIS/Device/ST/STM32G4xx/Include -I../Drivers/CMSIS/Include -O0 -ffunction-sections -fdata-sections -Wall -fstack-usage -MMD -MP -MF"Drivers/STM32G4xx_HAL_Driver/Src/stm32g4xx_ll_adc.d" -MT"Drivers/STM32G4xx_HAL_Driver/Src/stm32g4xx_ll_adc.o" --specs=nano.specs -mfpu=fpv4-sp-d16 -mfloat-abi=hard -mthumb -o "Drivers/STM32G4xx_HAL_Driver/Src/stm32g4xx_ll_adc.o"
arm-none-eabi-gcc -mcpu=cortex-m4 -g3 -c -x assembler-with-cpp -MMD -MP -MF"Core/Startup/startup_stm32g431kbtx.d" -MT"Core/Startup/startup_stm32g431kbtx.o" --specs=nano.specs -mfpu=fpv4-sp-d16 -mfloat-abi=hard -mthumb -o "Core/Startup/startup_stm32g431kbtx.o" "../Core/Startup/startup_stm32g431kbtx.s"
arm-none-eabi-gcc "../Core/Src/main.c" -mcpu=cortex-m4 -std=gnu11 -g3 -DSTM32G431xx -DUSE_HAL_DRIVER -DDEBUG -c -I../Core/Inc -I../Drivers/STM32G4xx_HAL_Driver/Inc -I../Drivers/STM32G4xx_HAL_Driver/Inc/Legacy -I../Drivers/CMSIS/Device/ST/STM32G4xx/Include -I../Drivers/CMSIS/Include -O0 -ffunction-sections -fdata-sections -Wall -fstack-usage -MMD -MP -MF"Core/Src/main.d" -MT"Core/Src/main.o" --specs=nano.specs -mfpu=fpv4-sp-d16 -mfloat-abi=hard -mthumb -o "Core/Src/main.o"
arm-none-eabi-gcc "../Core/Src/stm32g4xx_hal_msp.c" -mcpu=cortex-m4 -std=gnu11 -g3 -DSTM32G431xx -DUSE_HAL_DRIVER -DDEBUG -c -I../Core/Inc -I../Drivers/STM32G4xx_HAL_Driver/Inc -I../Drivers/STM32G4xx_HAL_Driver/Inc/Legacy -I../Drivers/CMSIS/Device/ST/STM32G4xx/Include -I../Drivers/CMSIS/Include -O0 -ffunction-sections -fdata-sections -Wall -fstack-usage -MMD -MP -MF"Core/Src/stm32g4xx_hal_msp.d" -MT"Core/Src/stm32g4xx_hal_msp.o" --specs=nano.specs -mfpu=fpv4-sp-d16 -mfloat-abi=hard -mthumb -o "Core/Src/stm32g4xx_hal_msp.o"
arm-none-eabi-gcc "../Core/Src/stm32g4xx_it.c" -mcpu=cortex-m4 -std=gnu11 -g3 -DSTM32G431xx -DUSE_HAL_DRIVER -DDEBUG -c -I../Core/Inc -I../Drivers/STM32G4xx_HAL_Driver/Inc -I../Drivers/STM32G4xx_HAL_Driver/Inc/Legacy -I../Drivers/CMSIS/Device/ST/STM32G4xx/Include -I../Drivers/CMSIS/Include -O0 -ffunction-sections -fdata-sections -Wall -fstack-usage -MMD -MP -MF"Core/Src/stm32g4xx_it.d" -MT"Core/Src/stm32g4xx_it.o" --specs=nano.specs -mfpu=fpv4-sp-d16 -mfloat-abi=hard -mthumb -o "Core/Src/stm32g4xx_it.o"
arm-none-eabi-gcc "../Core/Src/syscalls.c" -mcpu=cortex-m4 -std=gnu11 -g3 -DSTM32G431xx -DUSE_HAL_DRIVER -DDEBUG -c -I../Core/Inc -I../Drivers/STM32G4xx_HAL_Driver/Inc -I../Drivers/STM32G4xx_HAL_Driver/Inc/Legacy -I../Drivers/CMSIS/Device/ST/STM32G4xx/Include -I../Drivers/CMSIS/Include -O0 -ffunction-sections -fdata-sections -Wall -fstack-usage -MMD -MP -MF"Core/Src/syscalls.d" -MT"Core/Src/syscalls.o" --specs=nano.specs -mfpu=fpv4-sp-d16 -mfloat-abi=hard -mthumb -o "Core/Src/syscalls.o"
arm-none-eabi-gcc "../Core/Src/sysmem.c" -mcpu=cortex-m4 -std=gnu11 -g3 -DSTM32G431xx -DUSE_HAL_DRIVER -DDEBUG -c -I../Core/Inc -I../Drivers/STM32G4xx_HAL_Driver/Inc -I../Drivers/STM32G4xx_HAL_Driver/Inc/Legacy -I../Drivers/CMSIS/Device/ST/STM32G4xx/Include -I../Drivers/CMSIS/Include -O0 -ffunction-sections -fdata-sections -Wall -fstack-usage -MMD -MP -MF"Core/Src/sysmem.d" -MT"Core/Src/sysmem.o" --specs=nano.specs -mfpu=fpv4-sp-d16 -mfloat-abi=hard -mthumb -o "Core/Src/sysmem.o"
arm-none-eabi-gcc "../Core/Src/system_stm32g4xx.c" -mcpu=cortex-m4 -std=gnu11 -g3 -DSTM32G431xx -DUSE_HAL_DRIVER -DDEBUG -c -I../Core/Inc -I../Drivers/STM32G4xx_HAL_Driver/Inc -I../Drivers/STM32G4xx_HAL_Driver/Inc/Legacy -I../Drivers/CMSIS/Device/ST/STM32G4xx/Include -I../Drivers/CMSIS/Include -O0 -ffunction-sections -fdata-sections -Wall -fstack-usage -MMD -MP -MF"Core/Src/system_stm32g4xx.d" -MT"Core/Src/system_stm32g4xx.o" --specs=nano.specs -mfpu=fpv4-sp-d16 -mfloat-abi=hard -mthumb -o "Core/Src/system_stm32g4xx.o"
../Core/Src/main.c: In function 'main':
../Core/Src/main.c:112:42: error: 'REG_CAL' undeclared (first use in this function); did you mean 'RNG_BASE'?
   HAL_I2C_Mem_Write(&hi2c1, INA219_ADDR, REG_CAL, I2C_MEMADD_SIZE_8BIT, cal_data, 2, 100);
                                          ^~~~~~~
                                          RNG_BASE
../Core/Src/main.c:112:42: note: each undeclared identifier is reported only once for each function it appears in
../Core/Src/main.c:147:50: error: 'REG_CURRENT' undeclared (first use in this function); did you mean 'REG_SHUNT'?
        if (HAL_I2C_Mem_Read(&hi2c1, INA219_ADDR, REG_CURRENT, I2C_MEMADD_SIZE_8BIT, raw_current_bytes, 2, 100) == HAL_OK) {
                                                  ^~~~~~~~~~~
                                                  REG_SHUNT
../Core/Src/main.c:164:10: warning: implicit declaration of function 'printf' [-Wimplicit-function-declaration]
          printf("TMR: %.4f V | Current: %.3f A\r\n", voltage_difference, current_amps);
          ^~~~~~
../Core/Src/main.c:164:10: warning: incompatible implicit declaration of built-in function 'printf'
../Core/Src/main.c:164:10: note: include '<stdio.h>' or provide a declaration of 'printf'
../Core/Src/main.c:120:11: warning: unused variable 'raw_current_value' [-Wunused-variable]
   int16_t raw_current_value = 0;
           ^~~~~~~~~~~~~~~~~
../Core/Src/main.c:119:11: warning: unused variable 'raw_current_bytes' [-Wunused-variable]
   uint8_t raw_current_bytes[2] = {0};
           ^~~~~~~~~~~~~~~~~
make: *** [Core/Src/subdir.mk:33: Core/Src/main.o] Error 1
make: *** Waiting for unfinished jobs....
"make -j28 all" terminated with exit code 2. Build might be incomplete.
16:43:44 **** Incremental Build of configuration Debug for project MAG_SAT_firm_project ****
make -j28 all 
arm-none-eabi-gcc "../Core/Src/main.c" -mcpu=cortex-m4 -std=gnu11 -g3 -DSTM32G431xx -DUSE_HAL_DRIVER -DDEBUG -c -I../Core/Inc -I../Drivers/STM32G4xx_HAL_Driver/Inc -I../Drivers/STM32G4xx_HAL_Driver/Inc/Legacy -I../Drivers/CMSIS/Device/ST/STM32G4xx/Include -I../Drivers/CMSIS/Include -O0 -ffunction-sections -fdata-sections -Wall -fstack-usage -MMD -MP -MF"Core/Src/main.d" -MT"Core/Src/main.o" --specs=nano.specs -mfpu=fpv4-sp-d16 -mfloat-abi=hard -mthumb -o "Core/Src/main.o"
../Core/Src/main.c: In function 'main':
../Core/Src/main.c:164:10: warning: implicit declaration of function 'printf' [-Wimplicit-function-declaration]
          printf("TMR: %.4f V | Current: %.3f A\r\n", voltage_difference, current_amps);
          ^~~~~~
../Core/Src/main.c:164:10: warning: incompatible implicit declaration of built-in function 'printf'
../Core/Src/main.c:164:10: note: include '<stdio.h>' or provide a declaration of 'printf'
../Core/Src/main.c:120:11: warning: unused variable 'raw_current_value' [-Wunused-variable]
   int16_t raw_current_value = 0;
           ^~~~~~~~~~~~~~~~~
../Core/Src/main.c:119:11: warning: unused variable 'raw_current_bytes' [-Wunused-variable]
   uint8_t raw_current_bytes[2] = {0};
           ^~~~~~~~~~~~~~~~~
arm-none-eabi-gcc -o "MAG_SAT_firm_project.elf" @"objects.list"   -mcpu=cortex-m4 -T"C:\Users\hye071\Downloads\P4P_TMR\Firmware\TMR_MAGSAT\MAG_SAT_firm_project\STM32G431KBTX_FLASH.ld" --specs=nosys.specs -Wl,-Map="MAG_SAT_firm_project.map" -Wl,--gc-sections -static --specs=nano.specs -mfpu=fpv4-sp-d16 -mfloat-abi=hard -mthumb -u _printf_float -Wl,--start-group -lc -lm -Wl,--end-group
Finished building target: MAG_SAT_firm_project.elf
 
arm-none-eabi-size   MAG_SAT_firm_project.elf 
arm-none-eabi-objdump -h -S  MAG_SAT_firm_project.elf  > "MAG_SAT_firm_project.list"
arm-none-eabi-objcopy  -O binary  MAG_SAT_firm_project.elf  "MAG_SAT_firm_project.bin"
   text	   data	    bss	    dec	    hex	filename
  30444	    484	   1772	  32700	   7fbc	MAG_SAT_firm_project.elf
Finished building: default.size.stdout
 
Finished building: MAG_SAT_firm_project.bin
 
Finished building: MAG_SAT_firm_project.list
 
16:44:14 **** Incremental Build of configuration Debug for project MAG_SAT_firm_project ****
make -j28 all 
arm-none-eabi-size   MAG_SAT_firm_project.elf 
   text	   data	    bss	    dec	    hex	filename
  30444	    484	   1772	  32700	   7fbc	MAG_SAT_firm_project.elf
Finished building: default.size.stdout
 
16:46:45 **** Incremental Build of configuration Debug for project MAG_SAT_firm_project ****
make -j28 all 
arm-none-eabi-gcc "../Core/Src/main.c" -mcpu=cortex-m4 -std=gnu11 -g3 -DSTM32G431xx -DUSE_HAL_DRIVER -DDEBUG -c -I../Core/Inc -I../Drivers/STM32G4xx_HAL_Driver/Inc -I../Drivers/STM32G4xx_HAL_Driver/Inc/Legacy -I../Drivers/CMSIS/Device/ST/STM32G4xx/Include -I../Drivers/CMSIS/Include -O0 -ffunction-sections -fdata-sections -Wall -fstack-usage -MMD -MP -MF"Core/Src/main.d" -MT"Core/Src/main.o" --specs=nano.specs -mfpu=fpv4-sp-d16 -mfloat-abi=hard -mthumb -o "Core/Src/main.o"
../Core/Src/main.c: In function 'main':
../Core/Src/main.c:166:10: warning: implicit declaration of function 'printf' [-Wimplicit-function-declaration]
          printf("TMR: %.4f V | Current: %.3f A\r\n", voltage_difference, current_amps);
          ^~~~~~
../Core/Src/main.c:166:10: warning: incompatible implicit declaration of built-in function 'printf'
../Core/Src/main.c:166:10: note: include '<stdio.h>' or provide a declaration of 'printf'
../Core/Src/main.c:118:12: warning: unused variable 'raw_current_value' [-Wunused-variable]
    int16_t raw_current_value = 0;
            ^~~~~~~~~~~~~~~~~
../Core/Src/main.c:117:12: warning: unused variable 'raw_current_bytes' [-Wunused-variable]
    uint8_t raw_current_bytes[2] = {0};
            ^~~~~~~~~~~~~~~~~
arm-none-eabi-gcc -o "MAG_SAT_firm_project.elf" @"objects.list"   -mcpu=cortex-m4 -T"C:\Users\hye071\Downloads\P4P_TMR\Firmware\TMR_MAGSAT\MAG_SAT_firm_project\STM32G431KBTX_FLASH.ld" --specs=nosys.specs -Wl,-Map="MAG_SAT_firm_project.map" -Wl,--gc-sections -static --specs=nano.specs -mfpu=fpv4-sp-d16 -mfloat-abi=hard -mthumb -u _printf_float -Wl,--start-group -lc -lm -Wl,--end-group
Finished building target: MAG_SAT_firm_project.elf
 
arm-none-eabi-objdump -h -S  MAG_SAT_firm_project.elf  > "MAG_SAT_firm_project.list"
arm-none-eabi-objcopy  -O binary  MAG_SAT_firm_project.elf  "MAG_SAT_firm_project.bin"
arm-none-eabi-size   MAG_SAT_firm_project.elf 
   text	   data	    bss	    dec	    hex	filename
  30444	    484	   1772	  32700	   7fbc	MAG_SAT_firm_project.elf
Finished building: default.size.stdout
 
Finished building: MAG_SAT_firm_project.bin
 
Finished building: MAG_SAT_firm_project.list
 
16:49:03 **** Incremental Build of configuration Debug for project MAG_SAT_firm_project ****
make -j28 all 
arm-none-eabi-gcc "../Core/Src/main.c" -mcpu=cortex-m4 -std=gnu11 -g3 -DSTM32G431xx -DUSE_HAL_DRIVER -DDEBUG -c -I../Core/Inc -I../Drivers/STM32G4xx_HAL_Driver/Inc -I../Drivers/STM32G4xx_HAL_Driver/Inc/Legacy -I../Drivers/CMSIS/Device/ST/STM32G4xx/Include -I../Drivers/CMSIS/Include -O0 -ffunction-sections -fdata-sections -Wall -fstack-usage -MMD -MP -MF"Core/Src/main.d" -MT"Core/Src/main.o" --specs=nano.specs -mfpu=fpv4-sp-d16 -mfloat-abi=hard -mthumb -o "Core/Src/main.o"
../Core/Src/main.c: In function 'main':
../Core/Src/main.c:164:10: warning: implicit declaration of function 'printf' [-Wimplicit-function-declaration]
          printf("TMR: %.4f V | Current: %.3f A\r\n", voltage_difference, current_amps);
          ^~~~~~
../Core/Src/main.c:164:10: warning: incompatible implicit declaration of built-in function 'printf'
../Core/Src/main.c:164:10: note: include '<stdio.h>' or provide a declaration of 'printf'
arm-none-eabi-gcc -o "MAG_SAT_firm_project.elf" @"objects.list"   -mcpu=cortex-m4 -T"C:\Users\hye071\Downloads\P4P_TMR\Firmware\TMR_MAGSAT\MAG_SAT_firm_project\STM32G431KBTX_FLASH.ld" --specs=nosys.specs -Wl,-Map="MAG_SAT_firm_project.map" -Wl,--gc-sections -static --specs=nano.specs -mfpu=fpv4-sp-d16 -mfloat-abi=hard -mthumb -u _printf_float -Wl,--start-group -lc -lm -Wl,--end-group
Finished building target: MAG_SAT_firm_project.elf
 
arm-none-eabi-objdump -h -S  MAG_SAT_firm_project.elf  > "MAG_SAT_firm_project.list"
arm-none-eabi-objcopy  -O binary  MAG_SAT_firm_project.elf  "MAG_SAT_firm_project.bin"
arm-none-eabi-size   MAG_SAT_firm_project.elf 
   text	   data	    bss	    dec	    hex	filename
  30428	    484	   1772	  32684	   7fac	MAG_SAT_firm_project.elf
Finished building: default.size.stdout
 
Finished building: MAG_SAT_firm_project.bin
 
Finished building: MAG_SAT_firm_project.list
 
16:50:17 **** Incremental Build of configuration Debug for project MAG_SAT_firm_project ****
make -j28 all 
arm-none-eabi-gcc "../Core/Src/main.c" -mcpu=cortex-m4 -std=gnu11 -g3 -DSTM32G431xx -DUSE_HAL_DRIVER -DDEBUG -c -I../Core/Inc -I../Drivers/STM32G4xx_HAL_Driver/Inc -I../Drivers/STM32G4xx_HAL_Driver/Inc/Legacy -I../Drivers/CMSIS/Device/ST/STM32G4xx/Include -I../Drivers/CMSIS/Include -O0 -ffunction-sections -fdata-sections -Wall -fstack-usage -MMD -MP -MF"Core/Src/main.d" -MT"Core/Src/main.o" --specs=nano.specs -mfpu=fpv4-sp-d16 -mfloat-abi=hard -mthumb -o "Core/Src/main.o"
arm-none-eabi-gcc -o "MAG_SAT_firm_project.elf" @"objects.list"   -mcpu=cortex-m4 -T"C:\Users\hye071\Downloads\P4P_TMR\Firmware\TMR_MAGSAT\MAG_SAT_firm_project\STM32G431KBTX_FLASH.ld" --specs=nosys.specs -Wl,-Map="MAG_SAT_firm_project.map" -Wl,--gc-sections -static --specs=nano.specs -mfpu=fpv4-sp-d16 -mfloat-abi=hard -mthumb -u _printf_float -Wl,--start-group -lc -lm -Wl,--end-group
Finished building target: MAG_SAT_firm_project.elf
 
arm-none-eabi-objdump -h -S  MAG_SAT_firm_project.elf  > "MAG_SAT_firm_project.list"
arm-none-eabi-objcopy  -O binary  MAG_SAT_firm_project.elf  "MAG_SAT_firm_project.bin"
arm-none-eabi-size   MAG_SAT_firm_project.elf 
   text	   data	    bss	    dec	    hex	filename
  30428	    484	   1772	  32684	   7fac	MAG_SAT_firm_project.elf
Finished building: default.size.stdout
 
Finished building: MAG_SAT_firm_project.bin
 
Finished building: MAG_SAT_firm_project.list
 
16:50:30 **** Incremental Build of configuration Debug for project MAG_SAT_firm_project ****
make -j28 all 
arm-none-eabi-size   MAG_SAT_firm_project.elf 
   text	   data	    bss	    dec	    hex	filename
  30428	    484	   1772	  32684	   7fac	MAG_SAT_firm_project.elf
Finished building: default.size.stdout
 
23:36:05 **** Build of configuration Debug for project MAG_SAT_firm_project ****
make -j12 all 
arm-none-eabi-gcc "../Drivers/STM32G4xx_HAL_Driver/Src/stm32g4xx_hal.c" -mcpu=cortex-m4 -std=gnu11 -g3 -DSTM32G431xx -DUSE_HAL_DRIVER -DDEBUG -c -I../Core/Inc -I../Drivers/STM32G4xx_HAL_Driver/Inc -I../Drivers/STM32G4xx_HAL_Driver/Inc/Legacy -I../Drivers/CMSIS/Device/ST/STM32G4xx/Include -I../Drivers/CMSIS/Include -O0 -ffunction-sections -fdata-sections -Wall -fstack-usage -fcyclomatic-complexity -MMD -MP -MF"Drivers/STM32G4xx_HAL_Driver/Src/stm32g4xx_hal.d" -MT"Drivers/STM32G4xx_HAL_Driver/Src/stm32g4xx_hal.o" --specs=nano.specs -mfpu=fpv4-sp-d16 -mfloat-abi=hard -mthumb -o "Drivers/STM32G4xx_HAL_Driver/Src/stm32g4xx_hal.o"
arm-none-eabi-gcc "../Drivers/STM32G4xx_HAL_Driver/Src/stm32g4xx_hal_adc.c" -mcpu=cortex-m4 -std=gnu11 -g3 -DSTM32G431xx -DUSE_HAL_DRIVER -DDEBUG -c -I../Core/Inc -I../Drivers/STM32G4xx_HAL_Driver/Inc -I../Drivers/STM32G4xx_HAL_Driver/Inc/Legacy -I../Drivers/CMSIS/Device/ST/STM32G4xx/Include -I../Drivers/CMSIS/Include -O0 -ffunction-sections -fdata-sections -Wall -fstack-usage -fcyclomatic-complexity -MMD -MP -MF"Drivers/STM32G4xx_HAL_Driver/Src/stm32g4xx_hal_adc.d" -MT"Drivers/STM32G4xx_HAL_Driver/Src/stm32g4xx_hal_adc.o" --specs=nano.specs -mfpu=fpv4-sp-d16 -mfloat-abi=hard -mthumb -o "Drivers/STM32G4xx_HAL_Driver/Src/stm32g4xx_hal_adc.o"
arm-none-eabi-gcc "../Drivers/STM32G4xx_HAL_Driver/Src/stm32g4xx_hal_adc_ex.c" -mcpu=cortex-m4 -std=gnu11 -g3 -DSTM32G431xx -DUSE_HAL_DRIVER -DDEBUG -c -I../Core/Inc -I../Drivers/STM32G4xx_HAL_Driver/Inc -I../Drivers/STM32G4xx_HAL_Driver/Inc/Legacy -I../Drivers/CMSIS/Device/ST/STM32G4xx/Include -I../Drivers/CMSIS/Include -O0 -ffunction-sections -fdata-sections -Wall -fstack-usage -fcyclomatic-complexity -MMD -MP -MF"Drivers/STM32G4xx_HAL_Driver/Src/stm32g4xx_hal_adc_ex.d" -MT"Drivers/STM32G4xx_HAL_Driver/Src/stm32g4xx_hal_adc_ex.o" --specs=nano.specs -mfpu=fpv4-sp-d16 -mfloat-abi=hard -mthumb -o "Drivers/STM32G4xx_HAL_Driver/Src/stm32g4xx_hal_adc_ex.o"
arm-none-eabi-gcc "../Drivers/STM32G4xx_HAL_Driver/Src/stm32g4xx_hal_cortex.c" -mcpu=cortex-m4 -std=gnu11 -g3 -DSTM32G431xx -DUSE_HAL_DRIVER -DDEBUG -c -I../Core/Inc -I../Drivers/STM32G4xx_HAL_Driver/Inc -I../Drivers/STM32G4xx_HAL_Driver/Inc/Legacy -I../Drivers/CMSIS/Device/ST/STM32G4xx/Include -I../Drivers/CMSIS/Include -O0 -ffunction-sections -fdata-sections -Wall -fstack-usage -fcyclomatic-complexity -MMD -MP -MF"Drivers/STM32G4xx_HAL_Driver/Src/stm32g4xx_hal_cortex.d" -MT"Drivers/STM32G4xx_HAL_Driver/Src/stm32g4xx_hal_cortex.o" --specs=nano.specs -mfpu=fpv4-sp-d16 -mfloat-abi=hard -mthumb -o "Drivers/STM32G4xx_HAL_Driver/Src/stm32g4xx_hal_cortex.o"
arm-none-eabi-gcc "../Drivers/STM32G4xx_HAL_Driver/Src/stm32g4xx_hal_dma.c" -mcpu=cortex-m4 -std=gnu11 -g3 -DSTM32G431xx -DUSE_HAL_DRIVER -DDEBUG -c -I../Core/Inc -I../Drivers/STM32G4xx_HAL_Driver/Inc -I../Drivers/STM32G4xx_HAL_Driver/Inc/Legacy -I../Drivers/CMSIS/Device/ST/STM32G4xx/Include -I../Drivers/CMSIS/Include -O0 -ffunction-sections -fdata-sections -Wall -fstack-usage -fcyclomatic-complexity -MMD -MP -MF"Drivers/STM32G4xx_HAL_Driver/Src/stm32g4xx_hal_dma.d" -MT"Drivers/STM32G4xx_HAL_Driver/Src/stm32g4xx_hal_dma.o" --specs=nano.specs -mfpu=fpv4-sp-d16 -mfloat-abi=hard -mthumb -o "Drivers/STM32G4xx_HAL_Driver/Src/stm32g4xx_hal_dma.o"
arm-none-eabi-gcc "../Drivers/STM32G4xx_HAL_Driver/Src/stm32g4xx_hal_dma_ex.c" -mcpu=cortex-m4 -std=gnu11 -g3 -DSTM32G431xx -DUSE_HAL_DRIVER -DDEBUG -c -I../Core/Inc -I../Drivers/STM32G4xx_HAL_Driver/Inc -I../Drivers/STM32G4xx_HAL_Driver/Inc/Legacy -I../Drivers/CMSIS/Device/ST/STM32G4xx/Include -I../Drivers/CMSIS/Include -O0 -ffunction-sections -fdata-sections -Wall -fstack-usage -fcyclomatic-complexity -MMD -MP -MF"Drivers/STM32G4xx_HAL_Driver/Src/stm32g4xx_hal_dma_ex.d" -MT"Drivers/STM32G4xx_HAL_Driver/Src/stm32g4xx_hal_dma_ex.o" --specs=nano.specs -mfpu=fpv4-sp-d16 -mfloat-abi=hard -mthumb -o "Drivers/STM32G4xx_HAL_Driver/Src/stm32g4xx_hal_dma_ex.o"
arm-none-eabi-gcc "../Drivers/STM32G4xx_HAL_Driver/Src/stm32g4xx_hal_exti.c" -mcpu=cortex-m4 -std=gnu11 -g3 -DSTM32G431xx -DUSE_HAL_DRIVER -DDEBUG -c -I../Core/Inc -I../Drivers/STM32G4xx_HAL_Driver/Inc -I../Drivers/STM32G4xx_HAL_Driver/Inc/Legacy -I../Drivers/CMSIS/Device/ST/STM32G4xx/Include -I../Drivers/CMSIS/Include -O0 -ffunction-sections -fdata-sections -Wall -fstack-usage -fcyclomatic-complexity -MMD -MP -MF"Drivers/STM32G4xx_HAL_Driver/Src/stm32g4xx_hal_exti.d" -MT"Drivers/STM32G4xx_HAL_Driver/Src/stm32g4xx_hal_exti.o" --specs=nano.specs -mfpu=fpv4-sp-d16 -mfloat-abi=hard -mthumb -o "Drivers/STM32G4xx_HAL_Driver/Src/stm32g4xx_hal_exti.o"
arm-none-eabi-gcc "../Drivers/STM32G4xx_HAL_Driver/Src/stm32g4xx_hal_flash.c" -mcpu=cortex-m4 -std=gnu11 -g3 -DSTM32G431xx -DUSE_HAL_DRIVER -DDEBUG -c -I../Core/Inc -I../Drivers/STM32G4xx_HAL_Driver/Inc -I../Drivers/STM32G4xx_HAL_Driver/Inc/Legacy -I../Drivers/CMSIS/Device/ST/STM32G4xx/Include -I../Drivers/CMSIS/Include -O0 -ffunction-sections -fdata-sections -Wall -fstack-usage -fcyclomatic-complexity -MMD -MP -MF"Drivers/STM32G4xx_HAL_Driver/Src/stm32g4xx_hal_flash.d" -MT"Drivers/STM32G4xx_HAL_Driver/Src/stm32g4xx_hal_flash.o" --specs=nano.specs -mfpu=fpv4-sp-d16 -mfloat-abi=hard -mthumb -o "Drivers/STM32G4xx_HAL_Driver/Src/stm32g4xx_hal_flash.o"
arm-none-eabi-gcc "../Drivers/STM32G4xx_HAL_Driver/Src/stm32g4xx_hal_flash_ex.c" -mcpu=cortex-m4 -std=gnu11 -g3 -DSTM32G431xx -DUSE_HAL_DRIVER -DDEBUG -c -I../Core/Inc -I../Drivers/STM32G4xx_HAL_Driver/Inc -I../Drivers/STM32G4xx_HAL_Driver/Inc/Legacy -I../Drivers/CMSIS/Device/ST/STM32G4xx/Include -I../Drivers/CMSIS/Include -O0 -ffunction-sections -fdata-sections -Wall -fstack-usage -fcyclomatic-complexity -MMD -MP -MF"Drivers/STM32G4xx_HAL_Driver/Src/stm32g4xx_hal_flash_ex.d" -MT"Drivers/STM32G4xx_HAL_Driver/Src/stm32g4xx_hal_flash_ex.o" --specs=nano.specs -mfpu=fpv4-sp-d16 -mfloat-abi=hard -mthumb -o "Drivers/STM32G4xx_HAL_Driver/Src/stm32g4xx_hal_flash_ex.o"
arm-none-eabi-gcc "../Drivers/STM32G4xx_HAL_Driver/Src/stm32g4xx_hal_flash_ramfunc.c" -mcpu=cortex-m4 -std=gnu11 -g3 -DSTM32G431xx -DUSE_HAL_DRIVER -DDEBUG -c -I../Core/Inc -I../Drivers/STM32G4xx_HAL_Driver/Inc -I../Drivers/STM32G4xx_HAL_Driver/Inc/Legacy -I../Drivers/CMSIS/Device/ST/STM32G4xx/Include -I../Drivers/CMSIS/Include -O0 -ffunction-sections -fdata-sections -Wall -fstack-usage -fcyclomatic-complexity -MMD -MP -MF"Drivers/STM32G4xx_HAL_Driver/Src/stm32g4xx_hal_flash_ramfunc.d" -MT"Drivers/STM32G4xx_HAL_Driver/Src/stm32g4xx_hal_flash_ramfunc.o" --specs=nano.specs -mfpu=fpv4-sp-d16 -mfloat-abi=hard -mthumb -o "Drivers/STM32G4xx_HAL_Driver/Src/stm32g4xx_hal_flash_ramfunc.o"
arm-none-eabi-gcc "../Drivers/STM32G4xx_HAL_Driver/Src/stm32g4xx_hal_gpio.c" -mcpu=cortex-m4 -std=gnu11 -g3 -DSTM32G431xx -DUSE_HAL_DRIVER -DDEBUG -c -I../Core/Inc -I../Drivers/STM32G4xx_HAL_Driver/Inc -I../Drivers/STM32G4xx_HAL_Driver/Inc/Legacy -I../Drivers/CMSIS/Device/ST/STM32G4xx/Include -I../Drivers/CMSIS/Include -O0 -ffunction-sections -fdata-sections -Wall -fstack-usage -fcyclomatic-complexity -MMD -MP -MF"Drivers/STM32G4xx_HAL_Driver/Src/stm32g4xx_hal_gpio.d" -MT"Drivers/STM32G4xx_HAL_Driver/Src/stm32g4xx_hal_gpio.o" --specs=nano.specs -mfpu=fpv4-sp-d16 -mfloat-abi=hard -mthumb -o "Drivers/STM32G4xx_HAL_Driver/Src/stm32g4xx_hal_gpio.o"
arm-none-eabi-gcc "../Drivers/STM32G4xx_HAL_Driver/Src/stm32g4xx_hal_i2c.c" -mcpu=cortex-m4 -std=gnu11 -g3 -DSTM32G431xx -DUSE_HAL_DRIVER -DDEBUG -c -I../Core/Inc -I../Drivers/STM32G4xx_HAL_Driver/Inc -I../Drivers/STM32G4xx_HAL_Driver/Inc/Legacy -I../Drivers/CMSIS/Device/ST/STM32G4xx/Include -I../Drivers/CMSIS/Include -O0 -ffunction-sections -fdata-sections -Wall -fstack-usage -fcyclomatic-complexity -MMD -MP -MF"Drivers/STM32G4xx_HAL_Driver/Src/stm32g4xx_hal_i2c.d" -MT"Drivers/STM32G4xx_HAL_Driver/Src/stm32g4xx_hal_i2c.o" --specs=nano.specs -mfpu=fpv4-sp-d16 -mfloat-abi=hard -mthumb -o "Drivers/STM32G4xx_HAL_Driver/Src/stm32g4xx_hal_i2c.o"
arm-none-eabi-gcc "../Drivers/STM32G4xx_HAL_Driver/Src/stm32g4xx_hal_i2c_ex.c" -mcpu=cortex-m4 -std=gnu11 -g3 -DSTM32G431xx -DUSE_HAL_DRIVER -DDEBUG -c -I../Core/Inc -I../Drivers/STM32G4xx_HAL_Driver/Inc -I../Drivers/STM32G4xx_HAL_Driver/Inc/Legacy -I../Drivers/CMSIS/Device/ST/STM32G4xx/Include -I../Drivers/CMSIS/Include -O0 -ffunction-sections -fdata-sections -Wall -fstack-usage -fcyclomatic-complexity -MMD -MP -MF"Drivers/STM32G4xx_HAL_Driver/Src/stm32g4xx_hal_i2c_ex.d" -MT"Drivers/STM32G4xx_HAL_Driver/Src/stm32g4xx_hal_i2c_ex.o" --specs=nano.specs -mfpu=fpv4-sp-d16 -mfloat-abi=hard -mthumb -o "Drivers/STM32G4xx_HAL_Driver/Src/stm32g4xx_hal_i2c_ex.o"
arm-none-eabi-gcc "../Drivers/STM32G4xx_HAL_Driver/Src/stm32g4xx_hal_pwr.c" -mcpu=cortex-m4 -std=gnu11 -g3 -DSTM32G431xx -DUSE_HAL_DRIVER -DDEBUG -c -I../Core/Inc -I../Drivers/STM32G4xx_HAL_Driver/Inc -I../Drivers/STM32G4xx_HAL_Driver/Inc/Legacy -I../Drivers/CMSIS/Device/ST/STM32G4xx/Include -I../Drivers/CMSIS/Include -O0 -ffunction-sections -fdata-sections -Wall -fstack-usage -fcyclomatic-complexity -MMD -MP -MF"Drivers/STM32G4xx_HAL_Driver/Src/stm32g4xx_hal_pwr.d" -MT"Drivers/STM32G4xx_HAL_Driver/Src/stm32g4xx_hal_pwr.o" --specs=nano.specs -mfpu=fpv4-sp-d16 -mfloat-abi=hard -mthumb -o "Drivers/STM32G4xx_HAL_Driver/Src/stm32g4xx_hal_pwr.o"
arm-none-eabi-gcc "../Drivers/STM32G4xx_HAL_Driver/Src/stm32g4xx_hal_pwr_ex.c" -mcpu=cortex-m4 -std=gnu11 -g3 -DSTM32G431xx -DUSE_HAL_DRIVER -DDEBUG -c -I../Core/Inc -I../Drivers/STM32G4xx_HAL_Driver/Inc -I../Drivers/STM32G4xx_HAL_Driver/Inc/Legacy -I../Drivers/CMSIS/Device/ST/STM32G4xx/Include -I../Drivers/CMSIS/Include -O0 -ffunction-sections -fdata-sections -Wall -fstack-usage -fcyclomatic-complexity -MMD -MP -MF"Drivers/STM32G4xx_HAL_Driver/Src/stm32g4xx_hal_pwr_ex.d" -MT"Drivers/STM32G4xx_HAL_Driver/Src/stm32g4xx_hal_pwr_ex.o" --specs=nano.specs -mfpu=fpv4-sp-d16 -mfloat-abi=hard -mthumb -o "Drivers/STM32G4xx_HAL_Driver/Src/stm32g4xx_hal_pwr_ex.o"
arm-none-eabi-gcc "../Drivers/STM32G4xx_HAL_Driver/Src/stm32g4xx_hal_rcc.c" -mcpu=cortex-m4 -std=gnu11 -g3 -DSTM32G431xx -DUSE_HAL_DRIVER -DDEBUG -c -I../Core/Inc -I../Drivers/STM32G4xx_HAL_Driver/Inc -I../Drivers/STM32G4xx_HAL_Driver/Inc/Legacy -I../Drivers/CMSIS/Device/ST/STM32G4xx/Include -I../Drivers/CMSIS/Include -O0 -ffunction-sections -fdata-sections -Wall -fstack-usage -fcyclomatic-complexity -MMD -MP -MF"Drivers/STM32G4xx_HAL_Driver/Src/stm32g4xx_hal_rcc.d" -MT"Drivers/STM32G4xx_HAL_Driver/Src/stm32g4xx_hal_rcc.o" --specs=nano.specs -mfpu=fpv4-sp-d16 -mfloat-abi=hard -mthumb -o "Drivers/STM32G4xx_HAL_Driver/Src/stm32g4xx_hal_rcc.o"
arm-none-eabi-gcc "../Drivers/STM32G4xx_HAL_Driver/Src/stm32g4xx_hal_rcc_ex.c" -mcpu=cortex-m4 -std=gnu11 -g3 -DSTM32G431xx -DUSE_HAL_DRIVER -DDEBUG -c -I../Core/Inc -I../Drivers/STM32G4xx_HAL_Driver/Inc -I../Drivers/STM32G4xx_HAL_Driver/Inc/Legacy -I../Drivers/CMSIS/Device/ST/STM32G4xx/Include -I../Drivers/CMSIS/Include -O0 -ffunction-sections -fdata-sections -Wall -fstack-usage -fcyclomatic-complexity -MMD -MP -MF"Drivers/STM32G4xx_HAL_Driver/Src/stm32g4xx_hal_rcc_ex.d" -MT"Drivers/STM32G4xx_HAL_Driver/Src/stm32g4xx_hal_rcc_ex.o" --specs=nano.specs -mfpu=fpv4-sp-d16 -mfloat-abi=hard -mthumb -o "Drivers/STM32G4xx_HAL_Driver/Src/stm32g4xx_hal_rcc_ex.o"
arm-none-eabi-gcc "../Drivers/STM32G4xx_HAL_Driver/Src/stm32g4xx_hal_tim.c" -mcpu=cortex-m4 -std=gnu11 -g3 -DSTM32G431xx -DUSE_HAL_DRIVER -DDEBUG -c -I../Core/Inc -I../Drivers/STM32G4xx_HAL_Driver/Inc -I../Drivers/STM32G4xx_HAL_Driver/Inc/Legacy -I../Drivers/CMSIS/Device/ST/STM32G4xx/Include -I../Drivers/CMSIS/Include -O0 -ffunction-sections -fdata-sections -Wall -fstack-usage -fcyclomatic-complexity -MMD -MP -MF"Drivers/STM32G4xx_HAL_Driver/Src/stm32g4xx_hal_tim.d" -MT"Drivers/STM32G4xx_HAL_Driver/Src/stm32g4xx_hal_tim.o" --specs=nano.specs -mfpu=fpv4-sp-d16 -mfloat-abi=hard -mthumb -o "Drivers/STM32G4xx_HAL_Driver/Src/stm32g4xx_hal_tim.o"
arm-none-eabi-gcc "../Drivers/STM32G4xx_HAL_Driver/Src/stm32g4xx_hal_tim_ex.c" -mcpu=cortex-m4 -std=gnu11 -g3 -DSTM32G431xx -DUSE_HAL_DRIVER -DDEBUG -c -I../Core/Inc -I../Drivers/STM32G4xx_HAL_Driver/Inc -I../Drivers/STM32G4xx_HAL_Driver/Inc/Legacy -I../Drivers/CMSIS/Device/ST/STM32G4xx/Include -I../Drivers/CMSIS/Include -O0 -ffunction-sections -fdata-sections -Wall -fstack-usage -fcyclomatic-complexity -MMD -MP -MF"Drivers/STM32G4xx_HAL_Driver/Src/stm32g4xx_hal_tim_ex.d" -MT"Drivers/STM32G4xx_HAL_Driver/Src/stm32g4xx_hal_tim_ex.o" --specs=nano.specs -mfpu=fpv4-sp-d16 -mfloat-abi=hard -mthumb -o "Drivers/STM32G4xx_HAL_Driver/Src/stm32g4xx_hal_tim_ex.o"
arm-none-eabi-gcc "../Drivers/STM32G4xx_HAL_Driver/Src/stm32g4xx_ll_adc.c" -mcpu=cortex-m4 -std=gnu11 -g3 -DSTM32G431xx -DUSE_HAL_DRIVER -DDEBUG -c -I../Core/Inc -I../Drivers/STM32G4xx_HAL_Driver/Inc -I../Drivers/STM32G4xx_HAL_Driver/Inc/Legacy -I../Drivers/CMSIS/Device/ST/STM32G4xx/Include -I../Drivers/CMSIS/Include -O0 -ffunction-sections -fdata-sections -Wall -fstack-usage -fcyclomatic-complexity -MMD -MP -MF"Drivers/STM32G4xx_HAL_Driver/Src/stm32g4xx_ll_adc.d" -MT"Drivers/STM32G4xx_HAL_Driver/Src/stm32g4xx_ll_adc.o" --specs=nano.specs -mfpu=fpv4-sp-d16 -mfloat-abi=hard -mthumb -o "Drivers/STM32G4xx_HAL_Driver/Src/stm32g4xx_ll_adc.o"
arm-none-eabi-gcc -mcpu=cortex-m4 -g3 -c -x assembler-with-cpp -MMD -MP -MF"Core/Startup/startup_stm32g431kbtx.d" -MT"Core/Startup/startup_stm32g431kbtx.o" --specs=nano.specs -mfpu=fpv4-sp-d16 -mfloat-abi=hard -mthumb -o "Core/Startup/startup_stm32g431kbtx.o" "../Core/Startup/startup_stm32g431kbtx.s"
arm-none-eabi-gcc "../Core/Src/main.c" -mcpu=cortex-m4 -std=gnu11 -g3 -DSTM32G431xx -DUSE_HAL_DRIVER -DDEBUG -c -I../Core/Inc -I../Drivers/STM32G4xx_HAL_Driver/Inc -I../Drivers/STM32G4xx_HAL_Driver/Inc/Legacy -I../Drivers/CMSIS/Device/ST/STM32G4xx/Include -I../Drivers/CMSIS/Include -O0 -ffunction-sections -fdata-sections -Wall -fstack-usage -fcyclomatic-complexity -MMD -MP -MF"Core/Src/main.d" -MT"Core/Src/main.o" --specs=nano.specs -mfpu=fpv4-sp-d16 -mfloat-abi=hard -mthumb -o "Core/Src/main.o"
arm-none-eabi-gcc "../Core/Src/stm32g4xx_hal_msp.c" -mcpu=cortex-m4 -std=gnu11 -g3 -DSTM32G431xx -DUSE_HAL_DRIVER -DDEBUG -c -I../Core/Inc -I../Drivers/STM32G4xx_HAL_Driver/Inc -I../Drivers/STM32G4xx_HAL_Driver/Inc/Legacy -I../Drivers/CMSIS/Device/ST/STM32G4xx/Include -I../Drivers/CMSIS/Include -O0 -ffunction-sections -fdata-sections -Wall -fstack-usage -fcyclomatic-complexity -MMD -MP -MF"Core/Src/stm32g4xx_hal_msp.d" -MT"Core/Src/stm32g4xx_hal_msp.o" --specs=nano.specs -mfpu=fpv4-sp-d16 -mfloat-abi=hard -mthumb -o "Core/Src/stm32g4xx_hal_msp.o"
arm-none-eabi-gcc "../Core/Src/stm32g4xx_it.c" -mcpu=cortex-m4 -std=gnu11 -g3 -DSTM32G431xx -DUSE_HAL_DRIVER -DDEBUG -c -I../Core/Inc -I../Drivers/STM32G4xx_HAL_Driver/Inc -I../Drivers/STM32G4xx_HAL_Driver/Inc/Legacy -I../Drivers/CMSIS/Device/ST/STM32G4xx/Include -I../Drivers/CMSIS/Include -O0 -ffunction-sections -fdata-sections -Wall -fstack-usage -fcyclomatic-complexity -MMD -MP -MF"Core/Src/stm32g4xx_it.d" -MT"Core/Src/stm32g4xx_it.o" --specs=nano.specs -mfpu=fpv4-sp-d16 -mfloat-abi=hard -mthumb -o "Core/Src/stm32g4xx_it.o"
arm-none-eabi-gcc "../Core/Src/syscalls.c" -mcpu=cortex-m4 -std=gnu11 -g3 -DSTM32G431xx -DUSE_HAL_DRIVER -DDEBUG -c -I../Core/Inc -I../Drivers/STM32G4xx_HAL_Driver/Inc -I../Drivers/STM32G4xx_HAL_Driver/Inc/Legacy -I../Drivers/CMSIS/Device/ST/STM32G4xx/Include -I../Drivers/CMSIS/Include -O0 -ffunction-sections -fdata-sections -Wall -fstack-usage -fcyclomatic-complexity -MMD -MP -MF"Core/Src/syscalls.d" -MT"Core/Src/syscalls.o" --specs=nano.specs -mfpu=fpv4-sp-d16 -mfloat-abi=hard -mthumb -o "Core/Src/syscalls.o"
arm-none-eabi-gcc "../Core/Src/sysmem.c" -mcpu=cortex-m4 -std=gnu11 -g3 -DSTM32G431xx -DUSE_HAL_DRIVER -DDEBUG -c -I../Core/Inc -I../Drivers/STM32G4xx_HAL_Driver/Inc -I../Drivers/STM32G4xx_HAL_Driver/Inc/Legacy -I../Drivers/CMSIS/Device/ST/STM32G4xx/Include -I../Drivers/CMSIS/Include -O0 -ffunction-sections -fdata-sections -Wall -fstack-usage -fcyclomatic-complexity -MMD -MP -MF"Core/Src/sysmem.d" -MT"Core/Src/sysmem.o" --specs=nano.specs -mfpu=fpv4-sp-d16 -mfloat-abi=hard -mthumb -o "Core/Src/sysmem.o"
arm-none-eabi-gcc "../Core/Src/system_stm32g4xx.c" -mcpu=cortex-m4 -std=gnu11 -g3 -DSTM32G431xx -DUSE_HAL_DRIVER -DDEBUG -c -I../Core/Inc -I../Drivers/STM32G4xx_HAL_Driver/Inc -I../Drivers/STM32G4xx_HAL_Driver/Inc/Legacy -I../Drivers/CMSIS/Device/ST/STM32G4xx/Include -I../Drivers/CMSIS/Include -O0 -ffunction-sections -fdata-sections -Wall -fstack-usage -fcyclomatic-complexity -MMD -MP -MF"Core/Src/system_stm32g4xx.d" -MT"Core/Src/system_stm32g4xx.o" --specs=nano.specs -mfpu=fpv4-sp-d16 -mfloat-abi=hard -mthumb -o "Core/Src/system_stm32g4xx.o"
arm-none-eabi-gcc -o "MAG_SAT_firm_project.elf" @"objects.list"   -mcpu=cortex-m4 -T"C:\repo\P4P_TMR\Firmware\TMR_MAGSAT\MAG_SAT_firm_project\STM32G431KBTX_FLASH.ld" --specs=nosys.specs -Wl,-Map="MAG_SAT_firm_project.map" -Wl,--gc-sections -static --specs=nano.specs -mfpu=fpv4-sp-d16 -mfloat-abi=hard -mthumb -u _printf_float -Wl,--start-group -lc -lm -Wl,--end-group
C:/ST/STM32CubeIDE_1.15.1/STM32CubeIDE/plugins/com.st.stm32cube.ide.mcu.externaltools.gnu-tools-for-stm32.12.3.rel1.win32_1.0.100.202403111256/tools/bin/../lib/gcc/arm-none-eabi/12.3.1/../../../../arm-none-eabi/bin/ld.exe: warning: MAG_SAT_firm_project.elf has a LOAD segment with RWX permissions
Finished building target: MAG_SAT_firm_project.elf
 
arm-none-eabi-size  MAG_SAT_firm_project.elf 
arm-none-eabi-objdump -h -S MAG_SAT_firm_project.elf  > "MAG_SAT_firm_project.list"
   text	   data	    bss	    dec	    hex	filename
  31324	    476	   2092	  33892	   8464	MAG_SAT_firm_project.elf
Finished building: default.size.stdout
 
Finished building: MAG_SAT_firm_project.list
 
23:36:37 **** Incremental Build of configuration Debug for project MAG_SAT_firm_project ****
make -j12 all 
arm-none-eabi-size  MAG_SAT_firm_project.elf 
   text	   data	    bss	    dec	    hex	filename
  31324	    476	   2092	  33892	   8464	MAG_SAT_firm_project.elf
Finished building: default.size.stdout
 
23:40:53 **** Incremental Build of configuration Debug for project MAG_SAT_firm_project ****
make -j12 all 
arm-none-eabi-size  MAG_SAT_firm_project.elf 
   text	   data	    bss	    dec	    hex	filename
  31324	    476	   2092	  33892	   8464	MAG_SAT_firm_project.elf
Finished building: default.size.stdout
 
23:42:50 **** Incremental Build of configuration Debug for project MAG_SAT_firm_project ****
make -j12 all 
arm-none-eabi-size  MAG_SAT_firm_project.elf 
   text	   data	    bss	    dec	    hex	filename
  31324	    476	   2092	  33892	   8464	MAG_SAT_firm_project.elf
Finished building: default.size.stdout
 
23:48:00 **** Incremental Build of configuration Debug for project MAG_SAT_firm_project ****
make -j12 all 
arm-none-eabi-size  MAG_SAT_firm_project.elf 
   text	   data	    bss	    dec	    hex	filename
  31324	    476	   2092	  33892	   8464	MAG_SAT_firm_project.elf
Finished building: default.size.stdout
 
23:48:27 **** Incremental Build of configuration Debug for project MAG_SAT_firm_project ****
make -j12 all 
arm-none-eabi-size  MAG_SAT_firm_project.elf 
   text	   data	    bss	    dec	    hex	filename
  31324	    476	   2092	  33892	   8464	MAG_SAT_firm_project.elf
Finished building: default.size.stdout
 
23:52:11 **** Incremental Build of configuration Debug for project MAG_SAT_firm_project ****
make -j12 all 
arm-none-eabi-size  MAG_SAT_firm_project.elf 
   text	   data	    bss	    dec	    hex	filename
  31324	    476	   2092	  33892	   8464	MAG_SAT_firm_project.elf
Finished building: default.size.stdout
 
23:56:54 **** Incremental Build of configuration Debug for project MAG_SAT_firm_project ****
make -j12 all 
arm-none-eabi-gcc "../Core/Src/main.c" -mcpu=cortex-m4 -std=gnu11 -g3 -DSTM32G431xx -DUSE_HAL_DRIVER -DDEBUG -c -I../Core/Inc -I../Drivers/STM32G4xx_HAL_Driver/Inc -I../Drivers/STM32G4xx_HAL_Driver/Inc/Legacy -I../Drivers/CMSIS/Device/ST/STM32G4xx/Include -I../Drivers/CMSIS/Include -O0 -ffunction-sections -fdata-sections -Wall -fstack-usage -fcyclomatic-complexity -MMD -MP -MF"Core/Src/main.d" -MT"Core/Src/main.o" --specs=nano.specs -mfpu=fpv4-sp-d16 -mfloat-abi=hard -mthumb -o "Core/Src/main.o"
../Core/Src/main.c:84:7: warning: '__io_putchar' defined but not used [-Wunused-function]
   84 |   int __io_putchar(int ch)
      |       ^~~~~~~~~~~~
arm-none-eabi-gcc -o "MAG_SAT_firm_project.elf" @"objects.list"   -mcpu=cortex-m4 -T"C:\repo\P4P_TMR\Firmware\TMR_MAGSAT\MAG_SAT_firm_project\STM32G431KBTX_FLASH.ld" --specs=nosys.specs -Wl,-Map="MAG_SAT_firm_project.map" -Wl,--gc-sections -static --specs=nano.specs -mfpu=fpv4-sp-d16 -mfloat-abi=hard -mthumb -u _printf_float -Wl,--start-group -lc -lm -Wl,--end-group
C:/ST/STM32CubeIDE_1.15.1/STM32CubeIDE/plugins/com.st.stm32cube.ide.mcu.externaltools.gnu-tools-for-stm32.12.3.rel1.win32_1.0.100.202403111256/tools/bin/../lib/gcc/arm-none-eabi/12.3.1/../../../../arm-none-eabi/bin/ld.exe: warning: MAG_SAT_firm_project.elf has a LOAD segment with RWX permissions
Finished building target: MAG_SAT_firm_project.elf
 
arm-none-eabi-size  MAG_SAT_firm_project.elf 
arm-none-eabi-objdump -h -S MAG_SAT_firm_project.elf  > "MAG_SAT_firm_project.list"
   text	   data	    bss	    dec	    hex	filename
  31332	    476	   2092	  33900	   846c	MAG_SAT_firm_project.elf
Finished building: default.size.stdout
 
Finished building: MAG_SAT_firm_project.list
 
23:57:15 **** Incremental Build of configuration Debug for project MAG_SAT_firm_project ****
make -j12 all 
arm-none-eabi-size  MAG_SAT_firm_project.elf 
   text	   data	    bss	    dec	    hex	filename
  31332	    476	   2092	  33900	   846c	MAG_SAT_firm_project.elf
Finished building: default.size.stdout
 
00:01:15 **** Incremental Build of configuration Debug for project MAG_SAT_firm_project ****
make -j12 all 
arm-none-eabi-gcc "../Core/Src/main.c" -mcpu=cortex-m4 -std=gnu11 -g3 -DSTM32G431xx -DUSE_HAL_DRIVER -DDEBUG -c -I../Core/Inc -I../Drivers/STM32G4xx_HAL_Driver/Inc -I../Drivers/STM32G4xx_HAL_Driver/Inc/Legacy -I../Drivers/CMSIS/Device/ST/STM32G4xx/Include -I../Drivers/CMSIS/Include -O0 -ffunction-sections -fdata-sections -Wall -fstack-usage -fcyclomatic-complexity -MMD -MP -MF"Core/Src/main.d" -MT"Core/Src/main.o" --specs=nano.specs -mfpu=fpv4-sp-d16 -mfloat-abi=hard -mthumb -o "Core/Src/main.o"
../Core/Src/main.c:86:7: warning: '__io_putchar' defined but not used [-Wunused-function]
   86 |   int __io_putchar(int ch)
      |       ^~~~~~~~~~~~
arm-none-eabi-gcc -o "MAG_SAT_firm_project.elf" @"objects.list"   -mcpu=cortex-m4 -T"C:\repo\P4P_TMR\Firmware\TMR_MAGSAT\MAG_SAT_firm_project\STM32G431KBTX_FLASH.ld" --specs=nosys.specs -Wl,-Map="MAG_SAT_firm_project.map" -Wl,--gc-sections -static --specs=nano.specs -mfpu=fpv4-sp-d16 -mfloat-abi=hard -mthumb -u _printf_float -Wl,--start-group -lc -lm -Wl,--end-group
C:/ST/STM32CubeIDE_1.15.1/STM32CubeIDE/plugins/com.st.stm32cube.ide.mcu.externaltools.gnu-tools-for-stm32.12.3.rel1.win32_1.0.100.202403111256/tools/bin/../lib/gcc/arm-none-eabi/12.3.1/../../../../arm-none-eabi/bin/ld.exe: warning: MAG_SAT_firm_project.elf has a LOAD segment with RWX permissions
Finished building target: MAG_SAT_firm_project.elf
 
arm-none-eabi-size  MAG_SAT_firm_project.elf 
arm-none-eabi-objdump -h -S MAG_SAT_firm_project.elf  > "MAG_SAT_firm_project.list"
   text	   data	    bss	    dec	    hex	filename
  31332	    476	   2092	  33900	   846c	MAG_SAT_firm_project.elf
Finished building: default.size.stdout
 
Finished building: MAG_SAT_firm_project.list
 
00:01:49 **** Incremental Build of configuration Debug for project MAG_SAT_firm_project ****
make -j12 all 
arm-none-eabi-size  MAG_SAT_firm_project.elf 
   text	   data	    bss	    dec	    hex	filename
  31332	    476	   2092	  33900	   846c	MAG_SAT_firm_project.elf
Finished building: default.size.stdout
 
00:12:44 **** Incremental Build of configuration Debug for project MAG_SAT_firm_project ****
make -j12 all 
arm-none-eabi-gcc "../Core/Src/main.c" -mcpu=cortex-m4 -std=gnu11 -g3 -DSTM32G431xx -DUSE_HAL_DRIVER -DDEBUG -c -I../Core/Inc -I../Drivers/STM32G4xx_HAL_Driver/Inc -I../Drivers/STM32G4xx_HAL_Driver/Inc/Legacy -I../Drivers/CMSIS/Device/ST/STM32G4xx/Include -I../Drivers/CMSIS/Include -O0 -ffunction-sections -fdata-sections -Wall -fstack-usage -fcyclomatic-complexity -MMD -MP -MF"Core/Src/main.d" -MT"Core/Src/main.o" --specs=nano.specs -mfpu=fpv4-sp-d16 -mfloat-abi=hard -mthumb -o "Core/Src/main.o"
arm-none-eabi-gcc -o "MAG_SAT_firm_project.elf" @"objects.list"   -mcpu=cortex-m4 -T"C:\repo\P4P_TMR\Firmware\TMR_MAGSAT\MAG_SAT_firm_project\STM32G431KBTX_FLASH.ld" --specs=nosys.specs -Wl,-Map="MAG_SAT_firm_project.map" -Wl,--gc-sections -static --specs=nano.specs -mfpu=fpv4-sp-d16 -mfloat-abi=hard -mthumb -u _printf_float -Wl,--start-group -lc -lm -Wl,--end-group
C:/ST/STM32CubeIDE_1.15.1/STM32CubeIDE/plugins/com.st.stm32cube.ide.mcu.externaltools.gnu-tools-for-stm32.12.3.rel1.win32_1.0.100.202403111256/tools/bin/../lib/gcc/arm-none-eabi/12.3.1/../../../../arm-none-eabi/bin/ld.exe: warning: MAG_SAT_firm_project.elf has a LOAD segment with RWX permissions
Finished building target: MAG_SAT_firm_project.elf
 
arm-none-eabi-size  MAG_SAT_firm_project.elf 
arm-none-eabi-objdump -h -S MAG_SAT_firm_project.elf  > "MAG_SAT_firm_project.list"
   text	   data	    bss	    dec	    hex	filename
  31444	    476	   2108	  34028	   84ec	MAG_SAT_firm_project.elf
Finished building: default.size.stdout
 
Finished building: MAG_SAT_firm_project.list
 
00:13:01 **** Incremental Build of configuration Debug for project MAG_SAT_firm_project ****
make -j12 all 
arm-none-eabi-size  MAG_SAT_firm_project.elf 
   text	   data	    bss	    dec	    hex	filename
  31444	    476	   2108	  34028	   84ec	MAG_SAT_firm_project.elf
Finished building: default.size.stdout
 
16:06:17 **** Incremental Build of configuration Debug for project MAG_SAT_firm_project ****
make -j12 all 
arm-none-eabi-size  MAG_SAT_firm_project.elf 
   text	   data	    bss	    dec	    hex	filename
  31444	    476	   2108	  34028	   84ec	MAG_SAT_firm_project.elf
Finished building: default.size.stdout
 
17:23:12 **** Incremental Build of configuration Debug for project MAG_SAT_firm_project ****
make -j12 all 
arm-none-eabi-gcc "../Core/Src/main.c" -mcpu=cortex-m4 -std=gnu11 -g3 -DSTM32G431xx -DUSE_HAL_DRIVER -DDEBUG -c -I../Core/Inc -I../Drivers/STM32G4xx_HAL_Driver/Inc -I../Drivers/STM32G4xx_HAL_Driver/Inc/Legacy -I../Drivers/CMSIS/Device/ST/STM32G4xx/Include -I../Drivers/CMSIS/Include -O0 -ffunction-sections -fdata-sections -Wall -fstack-usage -fcyclomatic-complexity -MMD -MP -MF"Core/Src/main.d" -MT"Core/Src/main.o" --specs=nano.specs -mfpu=fpv4-sp-d16 -mfloat-abi=hard -mthumb -o "Core/Src/main.o"
../Core/Src/main.c: In function 'main':
../Core/Src/main.c:187:49: warning: format '%f' expects argument of type 'double', but argument 2 has type 'uint32_t' {aka 'long unsigned int'} [-Wformat=]
  187 |                 printf(" Timestamp_ms | TMR: %.4f V | Current: %.3f A\r\n", HAL_GetTick(), voltage_difference, current_amps);
      |                                              ~~~^                           ~~~~~~~~~~~~~
      |                                                 |                           |
      |                                                 double                      uint32_t {aka long unsigned int}
      |                                              %.4ld
../Core/Src/main.c:187:24: warning: too many arguments for format [-Wformat-extra-args]
  187 |                 printf(" Timestamp_ms | TMR: %.4f V | Current: %.3f A\r\n", HAL_GetTick(), voltage_difference, current_amps);
      |                        ^~~~~~~~~~~~~~~~~~~~~~~~~~~~~~~~~~~~~~~~~~~~~~~~~~~
arm-none-eabi-gcc -o "MAG_SAT_firm_project.elf" @"objects.list"   -mcpu=cortex-m4 -T"C:\repo\P4P_TMR\Firmware\TMR_MAGSAT\MAG_SAT_firm_project\STM32G431KBTX_FLASH.ld" --specs=nosys.specs -Wl,-Map="MAG_SAT_firm_project.map" -Wl,--gc-sections -static --specs=nano.specs -mfpu=fpv4-sp-d16 -mfloat-abi=hard -mthumb -u _printf_float -Wl,--start-group -lc -lm -Wl,--end-group
C:/ST/STM32CubeIDE_1.15.1/STM32CubeIDE/plugins/com.st.stm32cube.ide.mcu.externaltools.gnu-tools-for-stm32.12.3.rel1.win32_1.0.100.202403111256/tools/bin/../lib/gcc/arm-none-eabi/12.3.1/../../../../arm-none-eabi/bin/ld.exe: warning: MAG_SAT_firm_project.elf has a LOAD segment with RWX permissions
Finished building target: MAG_SAT_firm_project.elf
 
arm-none-eabi-size  MAG_SAT_firm_project.elf 
arm-none-eabi-objdump -h -S MAG_SAT_firm_project.elf  > "MAG_SAT_firm_project.list"
   text	   data	    bss	    dec	    hex	filename
  31388	    476	   2108	  33972	   84b4	MAG_SAT_firm_project.elf
Finished building: default.size.stdout
 
Finished building: MAG_SAT_firm_project.list
 
17:23:49 **** Incremental Build of configuration Debug for project MAG_SAT_firm_project ****
make -j12 all 
arm-none-eabi-gcc "../Core/Src/main.c" -mcpu=cortex-m4 -std=gnu11 -g3 -DSTM32G431xx -DUSE_HAL_DRIVER -DDEBUG -c -I../Core/Inc -I../Drivers/STM32G4xx_HAL_Driver/Inc -I../Drivers/STM32G4xx_HAL_Driver/Inc/Legacy -I../Drivers/CMSIS/Device/ST/STM32G4xx/Include -I../Drivers/CMSIS/Include -O0 -ffunction-sections -fdata-sections -Wall -fstack-usage -fcyclomatic-complexity -MMD -MP -MF"Core/Src/main.d" -MT"Core/Src/main.o" --specs=nano.specs -mfpu=fpv4-sp-d16 -mfloat-abi=hard -mthumb -o "Core/Src/main.o"
../Core/Src/main.c: In function 'main':
../Core/Src/main.c:187:43: warning: format '%f' expects argument of type 'double', but argument 2 has type 'uint32_t' {aka 'long unsigned int'} [-Wformat=]
  187 |                 printf(" Timestamp_ms: %.4f ms | TMR: %.4f V | Current: %.3f A\r\n", HAL_GetTick(), voltage_difference, current_amps);
      |                                        ~~~^                                          ~~~~~~~~~~~~~
      |                                           |                                          |
      |                                           double                                     uint32_t {aka long unsigned int}
      |                                        %.4ld
arm-none-eabi-gcc -o "MAG_SAT_firm_project.elf" @"objects.list"   -mcpu=cortex-m4 -T"C:\repo\P4P_TMR\Firmware\TMR_MAGSAT\MAG_SAT_firm_project\STM32G431KBTX_FLASH.ld" --specs=nosys.specs -Wl,-Map="MAG_SAT_firm_project.map" -Wl,--gc-sections -static --specs=nano.specs -mfpu=fpv4-sp-d16 -mfloat-abi=hard -mthumb -u _printf_float -Wl,--start-group -lc -lm -Wl,--end-group
C:/ST/STM32CubeIDE_1.15.1/STM32CubeIDE/plugins/com.st.stm32cube.ide.mcu.externaltools.gnu-tools-for-stm32.12.3.rel1.win32_1.0.100.202403111256/tools/bin/../lib/gcc/arm-none-eabi/12.3.1/../../../../arm-none-eabi/bin/ld.exe: warning: MAG_SAT_firm_project.elf has a LOAD segment with RWX permissions
Finished building target: MAG_SAT_firm_project.elf
 
arm-none-eabi-size  MAG_SAT_firm_project.elf 
arm-none-eabi-objdump -h -S MAG_SAT_firm_project.elf  > "MAG_SAT_firm_project.list"
   text	   data	    bss	    dec	    hex	filename
  31404	    476	   2108	  33988	   84c4	MAG_SAT_firm_project.elf
Finished building: default.size.stdout
 
Finished building: MAG_SAT_firm_project.list
 
17:23:56 **** Incremental Build of configuration Debug for project MAG_SAT_firm_project ****
make -j12 all 
arm-none-eabi-size  MAG_SAT_firm_project.elf 
   text	   data	    bss	    dec	    hex	filename
  31404	    476	   2108	  33988	   84c4	MAG_SAT_firm_project.elf
Finished building: default.size.stdout
 
17:29:08 **** Incremental Build of configuration Debug for project MAG_SAT_firm_project ****
make -j12 all 
arm-none-eabi-gcc "../Core/Src/main.c" -mcpu=cortex-m4 -std=gnu11 -g3 -DSTM32G431xx -DUSE_HAL_DRIVER -DDEBUG -c -I../Core/Inc -I../Drivers/STM32G4xx_HAL_Driver/Inc -I../Drivers/STM32G4xx_HAL_Driver/Inc/Legacy -I../Drivers/CMSIS/Device/ST/STM32G4xx/Include -I../Drivers/CMSIS/Include -O0 -ffunction-sections -fdata-sections -Wall -fstack-usage -fcyclomatic-complexity -MMD -MP -MF"Core/Src/main.d" -MT"Core/Src/main.o" --specs=nano.specs -mfpu=fpv4-sp-d16 -mfloat-abi=hard -mthumb -o "Core/Src/main.o"
arm-none-eabi-gcc -o "MAG_SAT_firm_project.elf" @"objects.list"   -mcpu=cortex-m4 -T"C:\repo\P4P_TMR\Firmware\TMR_MAGSAT\MAG_SAT_firm_project\STM32G431KBTX_FLASH.ld" --specs=nosys.specs -Wl,-Map="MAG_SAT_firm_project.map" -Wl,--gc-sections -static --specs=nano.specs -mfpu=fpv4-sp-d16 -mfloat-abi=hard -mthumb -u _printf_float -Wl,--start-group -lc -lm -Wl,--end-group
C:/ST/STM32CubeIDE_1.15.1/STM32CubeIDE/plugins/com.st.stm32cube.ide.mcu.externaltools.gnu-tools-for-stm32.12.3.rel1.win32_1.0.100.202403111256/tools/bin/../lib/gcc/arm-none-eabi/12.3.1/../../../../arm-none-eabi/bin/ld.exe: warning: MAG_SAT_firm_project.elf has a LOAD segment with RWX permissions
Finished building target: MAG_SAT_firm_project.elf
 
arm-none-eabi-size  MAG_SAT_firm_project.elf 
arm-none-eabi-objdump -h -S MAG_SAT_firm_project.elf  > "MAG_SAT_firm_project.list"
   text	   data	    bss	    dec	    hex	filename
  31388	    476	   2108	  33972	   84b4	MAG_SAT_firm_project.elf
Finished building: default.size.stdout
 
Finished building: MAG_SAT_firm_project.list
 
17:29:19 **** Incremental Build of configuration Debug for project MAG_SAT_firm_project ****
make -j12 all 
arm-none-eabi-size  MAG_SAT_firm_project.elf 
   text	   data	    bss	    dec	    hex	filename
  31388	    476	   2108	  33972	   84b4	MAG_SAT_firm_project.elf
Finished building: default.size.stdout
 
17:40:46 **** Incremental Build of configuration Debug for project MAG_SAT_firm_project ****
make -j12 all 
arm-none-eabi-gcc "../Core/Src/main.c" -mcpu=cortex-m4 -std=gnu11 -g3 -DSTM32G431xx -DUSE_HAL_DRIVER -DDEBUG -c -I../Core/Inc -I../Drivers/STM32G4xx_HAL_Driver/Inc -I../Drivers/STM32G4xx_HAL_Driver/Inc/Legacy -I../Drivers/CMSIS/Device/ST/STM32G4xx/Include -I../Drivers/CMSIS/Include -O0 -ffunction-sections -fdata-sections -Wall -fstack-usage -fcyclomatic-complexity -MMD -MP -MF"Core/Src/main.d" -MT"Core/Src/main.o" --specs=nano.specs -mfpu=fpv4-sp-d16 -mfloat-abi=hard -mthumb -o "Core/Src/main.o"
../Core/Src/main.c: In function 'main':
../Core/Src/main.c:188:26: warning: unknown conversion type character ',' in format [-Wformat=]
  188 |                 printf("%,%.4f,%.3f\r\n", HAL_GetTick(), voltage_difference, current_amps);
      |                          ^
../Core/Src/main.c:188:30: warning: format '%f' expects argument of type 'double', but argument 2 has type 'uint32_t' {aka 'long unsigned int'} [-Wformat=]
  188 |                 printf("%,%.4f,%.3f\r\n", HAL_GetTick(), voltage_difference, current_amps);
      |                           ~~~^            ~~~~~~~~~~~~~
      |                              |            |
      |                              double       uint32_t {aka long unsigned int}
      |                           %.4ld
../Core/Src/main.c:188:24: warning: too many arguments for format [-Wformat-extra-args]
  188 |                 printf("%,%.4f,%.3f\r\n", HAL_GetTick(), voltage_difference, current_amps);
      |                        ^~~~~~~~~~~~~~~~~
arm-none-eabi-gcc -o "MAG_SAT_firm_project.elf" @"objects.list"   -mcpu=cortex-m4 -T"C:\repo\P4P_TMR\Firmware\TMR_MAGSAT\MAG_SAT_firm_project\STM32G431KBTX_FLASH.ld" --specs=nosys.specs -Wl,-Map="MAG_SAT_firm_project.map" -Wl,--gc-sections -static --specs=nano.specs -mfpu=fpv4-sp-d16 -mfloat-abi=hard -mthumb -u _printf_float -Wl,--start-group -lc -lm -Wl,--end-group
C:/ST/STM32CubeIDE_1.15.1/STM32CubeIDE/plugins/com.st.stm32cube.ide.mcu.externaltools.gnu-tools-for-stm32.12.3.rel1.win32_1.0.100.202403111256/tools/bin/../lib/gcc/arm-none-eabi/12.3.1/../../../../arm-none-eabi/bin/ld.exe: warning: MAG_SAT_firm_project.elf has a LOAD segment with RWX permissions
Finished building target: MAG_SAT_firm_project.elf
 
arm-none-eabi-size  MAG_SAT_firm_project.elf 
arm-none-eabi-objdump -h -S MAG_SAT_firm_project.elf  > "MAG_SAT_firm_project.list"
   text	   data	    bss	    dec	    hex	filename
  31356	    476	   2108	  33940	   8494	MAG_SAT_firm_project.elf
Finished building: default.size.stdout
 
Finished building: MAG_SAT_firm_project.list
 
17:41:23 **** Incremental Build of configuration Debug for project MAG_SAT_firm_project ****
make -j12 all 
arm-none-eabi-gcc "../Core/Src/main.c" -mcpu=cortex-m4 -std=gnu11 -g3 -DSTM32G431xx -DUSE_HAL_DRIVER -DDEBUG -c -I../Core/Inc -I../Drivers/STM32G4xx_HAL_Driver/Inc -I../Drivers/STM32G4xx_HAL_Driver/Inc/Legacy -I../Drivers/CMSIS/Device/ST/STM32G4xx/Include -I../Drivers/CMSIS/Include -O0 -ffunction-sections -fdata-sections -Wall -fstack-usage -fcyclomatic-complexity -MMD -MP -MF"Core/Src/main.d" -MT"Core/Src/main.o" --specs=nano.specs -mfpu=fpv4-sp-d16 -mfloat-abi=hard -mthumb -o "Core/Src/main.o"
../Core/Src/main.c: In function 'main':
../Core/Src/main.c:188:26: warning: format '%d' expects argument of type 'int', but argument 2 has type 'uint32_t' {aka 'long unsigned int'} [-Wformat=]
  188 |                 printf("%d,%.4f,%.3f\r\n", HAL_GetTick(), voltage_difference, current_amps);
      |                         ~^                 ~~~~~~~~~~~~~
      |                          |                 |
      |                          int               uint32_t {aka long unsigned int}
      |                         %ld
arm-none-eabi-gcc -o "MAG_SAT_firm_project.elf" @"objects.list"   -mcpu=cortex-m4 -T"C:\repo\P4P_TMR\Firmware\TMR_MAGSAT\MAG_SAT_firm_project\STM32G431KBTX_FLASH.ld" --specs=nosys.specs -Wl,-Map="MAG_SAT_firm_project.map" -Wl,--gc-sections -static --specs=nano.specs -mfpu=fpv4-sp-d16 -mfloat-abi=hard -mthumb -u _printf_float -Wl,--start-group -lc -lm -Wl,--end-group
C:/ST/STM32CubeIDE_1.15.1/STM32CubeIDE/plugins/com.st.stm32cube.ide.mcu.externaltools.gnu-tools-for-stm32.12.3.rel1.win32_1.0.100.202403111256/tools/bin/../lib/gcc/arm-none-eabi/12.3.1/../../../../arm-none-eabi/bin/ld.exe: warning: MAG_SAT_firm_project.elf has a LOAD segment with RWX permissions
Finished building target: MAG_SAT_firm_project.elf
 
arm-none-eabi-size  MAG_SAT_firm_project.elf 
arm-none-eabi-objdump -h -S MAG_SAT_firm_project.elf  > "MAG_SAT_firm_project.list"
   text	   data	    bss	    dec	    hex	filename
  31356	    476	   2108	  33940	   8494	MAG_SAT_firm_project.elf
Finished building: default.size.stdout
 
Finished building: MAG_SAT_firm_project.list
 
17:42:21 **** Incremental Build of configuration Debug for project MAG_SAT_firm_project ****
make -j12 all 
arm-none-eabi-size  MAG_SAT_firm_project.elf 
   text	   data	    bss	    dec	    hex	filename
  31356	    476	   2108	  33940	   8494	MAG_SAT_firm_project.elf
Finished building: default.size.stdout
 
17:45:32 **** Incremental Build of configuration Debug for project MAG_SAT_firm_project ****
make -j12 all 
arm-none-eabi-gcc "../Core/Src/main.c" -mcpu=cortex-m4 -std=gnu11 -g3 -DSTM32G431xx -DUSE_HAL_DRIVER -DDEBUG -c -I../Core/Inc -I../Drivers/STM32G4xx_HAL_Driver/Inc -I../Drivers/STM32G4xx_HAL_Driver/Inc/Legacy -I../Drivers/CMSIS/Device/ST/STM32G4xx/Include -I../Drivers/CMSIS/Include -O0 -ffunction-sections -fdata-sections -Wall -fstack-usage -fcyclomatic-complexity -MMD -MP -MF"Core/Src/main.d" -MT"Core/Src/main.o" --specs=nano.specs -mfpu=fpv4-sp-d16 -mfloat-abi=hard -mthumb -o "Core/Src/main.o"
../Core/Src/main.c: In function 'main':
../Core/Src/main.c:188:26: warning: format '%d' expects argument of type 'int', but argument 2 has type 'uint32_t' {aka 'long unsigned int'} [-Wformat=]
  188 |                 printf("%d,%.4f,%.3f\r\n", HAL_GetTick(), voltage_difference, current_amps);
      |                         ~^                 ~~~~~~~~~~~~~
      |                          |                 |
      |                          int               uint32_t {aka long unsigned int}
      |                         %ld
arm-none-eabi-gcc -o "MAG_SAT_firm_project.elf" @"objects.list"   -mcpu=cortex-m4 -T"C:\repo\P4P_TMR\Firmware\TMR_MAGSAT\MAG_SAT_firm_project\STM32G431KBTX_FLASH.ld" --specs=nosys.specs -Wl,-Map="MAG_SAT_firm_project.map" -Wl,--gc-sections -static --specs=nano.specs -mfpu=fpv4-sp-d16 -mfloat-abi=hard -mthumb -u _printf_float -Wl,--start-group -lc -lm -Wl,--end-group
C:/ST/STM32CubeIDE_1.15.1/STM32CubeIDE/plugins/com.st.stm32cube.ide.mcu.externaltools.gnu-tools-for-stm32.12.3.rel1.win32_1.0.100.202403111256/tools/bin/../lib/gcc/arm-none-eabi/12.3.1/../../../../arm-none-eabi/bin/ld.exe: warning: MAG_SAT_firm_project.elf has a LOAD segment with RWX permissions
Finished building target: MAG_SAT_firm_project.elf
 
arm-none-eabi-size  MAG_SAT_firm_project.elf 
arm-none-eabi-objdump -h -S MAG_SAT_firm_project.elf  > "MAG_SAT_firm_project.list"
   text	   data	    bss	    dec	    hex	filename
  31356	    476	   2108	  33940	   8494	MAG_SAT_firm_project.elf
Finished building: default.size.stdout
 
Finished building: MAG_SAT_firm_project.list
 
17:45:35 **** Incremental Build of configuration Debug for project MAG_SAT_firm_project ****
make -j12 all 
arm-none-eabi-size  MAG_SAT_firm_project.elf 
   text	   data	    bss	    dec	    hex	filename
  31356	    476	   2108	  33940	   8494	MAG_SAT_firm_project.elf
Finished building: default.size.stdout
 
17:52:26 **** Incremental Build of configuration Debug for project MAG_SAT_firm_project ****
make -j12 all 
arm-none-eabi-size  MAG_SAT_firm_project.elf 
   text	   data	    bss	    dec	    hex	filename
  31356	    476	   2108	  33940	   8494	MAG_SAT_firm_project.elf
Finished building: default.size.stdout
 
17:53:35 **** Incremental Build of configuration Debug for project MAG_SAT_firm_project ****
make -j12 all 
arm-none-eabi-gcc "../Core/Src/main.c" -mcpu=cortex-m4 -std=gnu11 -g3 -DSTM32G431xx -DUSE_HAL_DRIVER -DDEBUG -c -I../Core/Inc -I../Drivers/STM32G4xx_HAL_Driver/Inc -I../Drivers/STM32G4xx_HAL_Driver/Inc/Legacy -I../Drivers/CMSIS/Device/ST/STM32G4xx/Include -I../Drivers/CMSIS/Include -O0 -ffunction-sections -fdata-sections -Wall -fstack-usage -fcyclomatic-complexity -MMD -MP -MF"Core/Src/main.d" -MT"Core/Src/main.o" --specs=nano.specs -mfpu=fpv4-sp-d16 -mfloat-abi=hard -mthumb -o "Core/Src/main.o"
../Core/Src/main.c: In function 'main':
../Core/Src/main.c:188:26: warning: format '%d' expects argument of type 'int', but argument 2 has type 'uint32_t' {aka 'long unsigned int'} [-Wformat=]
  188 |                 printf("%d,%.4f,%.3f\r\n", HAL_GetTick(), voltage_difference, current_amps);
      |                         ~^                 ~~~~~~~~~~~~~
      |                          |                 |
      |                          int               uint32_t {aka long unsigned int}
      |                         %ld
arm-none-eabi-gcc -o "MAG_SAT_firm_project.elf" @"objects.list"   -mcpu=cortex-m4 -T"C:\repo\P4P_TMR\Firmware\TMR_MAGSAT\MAG_SAT_firm_project\STM32G431KBTX_FLASH.ld" --specs=nosys.specs -Wl,-Map="MAG_SAT_firm_project.map" -Wl,--gc-sections -static --specs=nano.specs -mfpu=fpv4-sp-d16 -mfloat-abi=hard -mthumb -u _printf_float -Wl,--start-group -lc -lm -Wl,--end-group
C:/ST/STM32CubeIDE_1.15.1/STM32CubeIDE/plugins/com.st.stm32cube.ide.mcu.externaltools.gnu-tools-for-stm32.12.3.rel1.win32_1.0.100.202403111256/tools/bin/../lib/gcc/arm-none-eabi/12.3.1/../../../../arm-none-eabi/bin/ld.exe: warning: MAG_SAT_firm_project.elf has a LOAD segment with RWX permissions
Finished building target: MAG_SAT_firm_project.elf
 
arm-none-eabi-size  MAG_SAT_firm_project.elf 
arm-none-eabi-objdump -h -S MAG_SAT_firm_project.elf  > "MAG_SAT_firm_project.list"
   text	   data	    bss	    dec	    hex	filename
  31276	    476	   2108	  33860	   8444	MAG_SAT_firm_project.elf
Finished building: default.size.stdout
 
Finished building: MAG_SAT_firm_project.list
 
17:53:42 **** Incremental Build of configuration Debug for project MAG_SAT_firm_project ****
make -j12 all 
arm-none-eabi-size  MAG_SAT_firm_project.elf 
   text	   data	    bss	    dec	    hex	filename
  31276	    476	   2108	  33860	   8444	MAG_SAT_firm_project.elf
Finished building: default.size.stdout
 
17:57:07 **** Incremental Build of configuration Debug for project MAG_SAT_firm_project ****
make -j12 all 
arm-none-eabi-size  MAG_SAT_firm_project.elf 
   text	   data	    bss	    dec	    hex	filename
  31276	    476	   2108	  33860	   8444	MAG_SAT_firm_project.elf
Finished building: default.size.stdout
 
18:15:56 **** Incremental Build of configuration Debug for project MAG_SAT_firm_project ****
make -j28 all 
arm-none-eabi-gcc "../Drivers/STM32G4xx_HAL_Driver/Src/stm32g4xx_hal.c" -mcpu=cortex-m4 -std=gnu11 -g3 -DSTM32G431xx -DUSE_HAL_DRIVER -DDEBUG -c -I../Core/Inc -I../Drivers/STM32G4xx_HAL_Driver/Inc -I../Drivers/STM32G4xx_HAL_Driver/Inc/Legacy -I../Drivers/CMSIS/Device/ST/STM32G4xx/Include -I../Drivers/CMSIS/Include -O0 -ffunction-sections -fdata-sections -Wall -fstack-usage -fcyclomatic-complexity -MMD -MP -MF"Drivers/STM32G4xx_HAL_Driver/Src/stm32g4xx_hal.d" -MT"Drivers/STM32G4xx_HAL_Driver/Src/stm32g4xx_hal.o" --specs=nano.specs -mfpu=fpv4-sp-d16 -mfloat-abi=hard -mthumb -o "Drivers/STM32G4xx_HAL_Driver/Src/stm32g4xx_hal.o"
arm-none-eabi-gcc "../Drivers/STM32G4xx_HAL_Driver/Src/stm32g4xx_hal_adc.c" -mcpu=cortex-m4 -std=gnu11 -g3 -DSTM32G431xx -DUSE_HAL_DRIVER -DDEBUG -c -I../Core/Inc -I../Drivers/STM32G4xx_HAL_Driver/Inc -I../Drivers/STM32G4xx_HAL_Driver/Inc/Legacy -I../Drivers/CMSIS/Device/ST/STM32G4xx/Include -I../Drivers/CMSIS/Include -O0 -ffunction-sections -fdata-sections -Wall -fstack-usage -fcyclomatic-complexity -MMD -MP -MF"Drivers/STM32G4xx_HAL_Driver/Src/stm32g4xx_hal_adc.d" -MT"Drivers/STM32G4xx_HAL_Driver/Src/stm32g4xx_hal_adc.o" --specs=nano.specs -mfpu=fpv4-sp-d16 -mfloat-abi=hard -mthumb -o "Drivers/STM32G4xx_HAL_Driver/Src/stm32g4xx_hal_adc.o"
arm-none-eabi-gcc "../Drivers/STM32G4xx_HAL_Driver/Src/stm32g4xx_hal_adc_ex.c" -mcpu=cortex-m4 -std=gnu11 -g3 -DSTM32G431xx -DUSE_HAL_DRIVER -DDEBUG -c -I../Core/Inc -I../Drivers/STM32G4xx_HAL_Driver/Inc -I../Drivers/STM32G4xx_HAL_Driver/Inc/Legacy -I../Drivers/CMSIS/Device/ST/STM32G4xx/Include -I../Drivers/CMSIS/Include -O0 -ffunction-sections -fdata-sections -Wall -fstack-usage -fcyclomatic-complexity -MMD -MP -MF"Drivers/STM32G4xx_HAL_Driver/Src/stm32g4xx_hal_adc_ex.d" -MT"Drivers/STM32G4xx_HAL_Driver/Src/stm32g4xx_hal_adc_ex.o" --specs=nano.specs -mfpu=fpv4-sp-d16 -mfloat-abi=hard -mthumb -o "Drivers/STM32G4xx_HAL_Driver/Src/stm32g4xx_hal_adc_ex.o"
arm-none-eabi-gcc "../Drivers/STM32G4xx_HAL_Driver/Src/stm32g4xx_hal_cortex.c" -mcpu=cortex-m4 -std=gnu11 -g3 -DSTM32G431xx -DUSE_HAL_DRIVER -DDEBUG -c -I../Core/Inc -I../Drivers/STM32G4xx_HAL_Driver/Inc -I../Drivers/STM32G4xx_HAL_Driver/Inc/Legacy -I../Drivers/CMSIS/Device/ST/STM32G4xx/Include -I../Drivers/CMSIS/Include -O0 -ffunction-sections -fdata-sections -Wall -fstack-usage -fcyclomatic-complexity -MMD -MP -MF"Drivers/STM32G4xx_HAL_Driver/Src/stm32g4xx_hal_cortex.d" -MT"Drivers/STM32G4xx_HAL_Driver/Src/stm32g4xx_hal_cortex.o" --specs=nano.specs -mfpu=fpv4-sp-d16 -mfloat-abi=hard -mthumb -o "Drivers/STM32G4xx_HAL_Driver/Src/stm32g4xx_hal_cortex.o"
arm-none-eabi-gcc "../Drivers/STM32G4xx_HAL_Driver/Src/stm32g4xx_hal_dma.c" -mcpu=cortex-m4 -std=gnu11 -g3 -DSTM32G431xx -DUSE_HAL_DRIVER -DDEBUG -c -I../Core/Inc -I../Drivers/STM32G4xx_HAL_Driver/Inc -I../Drivers/STM32G4xx_HAL_Driver/Inc/Legacy -I../Drivers/CMSIS/Device/ST/STM32G4xx/Include -I../Drivers/CMSIS/Include -O0 -ffunction-sections -fdata-sections -Wall -fstack-usage -fcyclomatic-complexity -MMD -MP -MF"Drivers/STM32G4xx_HAL_Driver/Src/stm32g4xx_hal_dma.d" -MT"Drivers/STM32G4xx_HAL_Driver/Src/stm32g4xx_hal_dma.o" --specs=nano.specs -mfpu=fpv4-sp-d16 -mfloat-abi=hard -mthumb -o "Drivers/STM32G4xx_HAL_Driver/Src/stm32g4xx_hal_dma.o"
arm-none-eabi-gcc "../Drivers/STM32G4xx_HAL_Driver/Src/stm32g4xx_hal_dma_ex.c" -mcpu=cortex-m4 -std=gnu11 -g3 -DSTM32G431xx -DUSE_HAL_DRIVER -DDEBUG -c -I../Core/Inc -I../Drivers/STM32G4xx_HAL_Driver/Inc -I../Drivers/STM32G4xx_HAL_Driver/Inc/Legacy -I../Drivers/CMSIS/Device/ST/STM32G4xx/Include -I../Drivers/CMSIS/Include -O0 -ffunction-sections -fdata-sections -Wall -fstack-usage -fcyclomatic-complexity -MMD -MP -MF"Drivers/STM32G4xx_HAL_Driver/Src/stm32g4xx_hal_dma_ex.d" -MT"Drivers/STM32G4xx_HAL_Driver/Src/stm32g4xx_hal_dma_ex.o" --specs=nano.specs -mfpu=fpv4-sp-d16 -mfloat-abi=hard -mthumb -o "Drivers/STM32G4xx_HAL_Driver/Src/stm32g4xx_hal_dma_ex.o"
arm-none-eabi-gcc "../Drivers/STM32G4xx_HAL_Driver/Src/stm32g4xx_hal_exti.c" -mcpu=cortex-m4 -std=gnu11 -g3 -DSTM32G431xx -DUSE_HAL_DRIVER -DDEBUG -c -I../Core/Inc -I../Drivers/STM32G4xx_HAL_Driver/Inc -I../Drivers/STM32G4xx_HAL_Driver/Inc/Legacy -I../Drivers/CMSIS/Device/ST/STM32G4xx/Include -I../Drivers/CMSIS/Include -O0 -ffunction-sections -fdata-sections -Wall -fstack-usage -fcyclomatic-complexity -MMD -MP -MF"Drivers/STM32G4xx_HAL_Driver/Src/stm32g4xx_hal_exti.d" -MT"Drivers/STM32G4xx_HAL_Driver/Src/stm32g4xx_hal_exti.o" --specs=nano.specs -mfpu=fpv4-sp-d16 -mfloat-abi=hard -mthumb -o "Drivers/STM32G4xx_HAL_Driver/Src/stm32g4xx_hal_exti.o"
arm-none-eabi-gcc "../Drivers/STM32G4xx_HAL_Driver/Src/stm32g4xx_hal_flash.c" -mcpu=cortex-m4 -std=gnu11 -g3 -DSTM32G431xx -DUSE_HAL_DRIVER -DDEBUG -c -I../Core/Inc -I../Drivers/STM32G4xx_HAL_Driver/Inc -I../Drivers/STM32G4xx_HAL_Driver/Inc/Legacy -I../Drivers/CMSIS/Device/ST/STM32G4xx/Include -I../Drivers/CMSIS/Include -O0 -ffunction-sections -fdata-sections -Wall -fstack-usage -fcyclomatic-complexity -MMD -MP -MF"Drivers/STM32G4xx_HAL_Driver/Src/stm32g4xx_hal_flash.d" -MT"Drivers/STM32G4xx_HAL_Driver/Src/stm32g4xx_hal_flash.o" --specs=nano.specs -mfpu=fpv4-sp-d16 -mfloat-abi=hard -mthumb -o "Drivers/STM32G4xx_HAL_Driver/Src/stm32g4xx_hal_flash.o"
arm-none-eabi-gcc "../Drivers/STM32G4xx_HAL_Driver/Src/stm32g4xx_hal_flash_ex.c" -mcpu=cortex-m4 -std=gnu11 -g3 -DSTM32G431xx -DUSE_HAL_DRIVER -DDEBUG -c -I../Core/Inc -I../Drivers/STM32G4xx_HAL_Driver/Inc -I../Drivers/STM32G4xx_HAL_Driver/Inc/Legacy -I../Drivers/CMSIS/Device/ST/STM32G4xx/Include -I../Drivers/CMSIS/Include -O0 -ffunction-sections -fdata-sections -Wall -fstack-usage -fcyclomatic-complexity -MMD -MP -MF"Drivers/STM32G4xx_HAL_Driver/Src/stm32g4xx_hal_flash_ex.d" -MT"Drivers/STM32G4xx_HAL_Driver/Src/stm32g4xx_hal_flash_ex.o" --specs=nano.specs -mfpu=fpv4-sp-d16 -mfloat-abi=hard -mthumb -o "Drivers/STM32G4xx_HAL_Driver/Src/stm32g4xx_hal_flash_ex.o"
arm-none-eabi-gcc "../Drivers/STM32G4xx_HAL_Driver/Src/stm32g4xx_hal_flash_ramfunc.c" -mcpu=cortex-m4 -std=gnu11 -g3 -DSTM32G431xx -DUSE_HAL_DRIVER -DDEBUG -c -I../Core/Inc -I../Drivers/STM32G4xx_HAL_Driver/Inc -I../Drivers/STM32G4xx_HAL_Driver/Inc/Legacy -I../Drivers/CMSIS/Device/ST/STM32G4xx/Include -I../Drivers/CMSIS/Include -O0 -ffunction-sections -fdata-sections -Wall -fstack-usage -fcyclomatic-complexity -MMD -MP -MF"Drivers/STM32G4xx_HAL_Driver/Src/stm32g4xx_hal_flash_ramfunc.d" -MT"Drivers/STM32G4xx_HAL_Driver/Src/stm32g4xx_hal_flash_ramfunc.o" --specs=nano.specs -mfpu=fpv4-sp-d16 -mfloat-abi=hard -mthumb -o "Drivers/STM32G4xx_HAL_Driver/Src/stm32g4xx_hal_flash_ramfunc.o"
arm-none-eabi-gcc "../Drivers/STM32G4xx_HAL_Driver/Src/stm32g4xx_hal_gpio.c" -mcpu=cortex-m4 -std=gnu11 -g3 -DSTM32G431xx -DUSE_HAL_DRIVER -DDEBUG -c -I../Core/Inc -I../Drivers/STM32G4xx_HAL_Driver/Inc -I../Drivers/STM32G4xx_HAL_Driver/Inc/Legacy -I../Drivers/CMSIS/Device/ST/STM32G4xx/Include -I../Drivers/CMSIS/Include -O0 -ffunction-sections -fdata-sections -Wall -fstack-usage -fcyclomatic-complexity -MMD -MP -MF"Drivers/STM32G4xx_HAL_Driver/Src/stm32g4xx_hal_gpio.d" -MT"Drivers/STM32G4xx_HAL_Driver/Src/stm32g4xx_hal_gpio.o" --specs=nano.specs -mfpu=fpv4-sp-d16 -mfloat-abi=hard -mthumb -o "Drivers/STM32G4xx_HAL_Driver/Src/stm32g4xx_hal_gpio.o"
arm-none-eabi-gcc "../Drivers/STM32G4xx_HAL_Driver/Src/stm32g4xx_hal_i2c.c" -mcpu=cortex-m4 -std=gnu11 -g3 -DSTM32G431xx -DUSE_HAL_DRIVER -DDEBUG -c -I../Core/Inc -I../Drivers/STM32G4xx_HAL_Driver/Inc -I../Drivers/STM32G4xx_HAL_Driver/Inc/Legacy -I../Drivers/CMSIS/Device/ST/STM32G4xx/Include -I../Drivers/CMSIS/Include -O0 -ffunction-sections -fdata-sections -Wall -fstack-usage -fcyclomatic-complexity -MMD -MP -MF"Drivers/STM32G4xx_HAL_Driver/Src/stm32g4xx_hal_i2c.d" -MT"Drivers/STM32G4xx_HAL_Driver/Src/stm32g4xx_hal_i2c.o" --specs=nano.specs -mfpu=fpv4-sp-d16 -mfloat-abi=hard -mthumb -o "Drivers/STM32G4xx_HAL_Driver/Src/stm32g4xx_hal_i2c.o"
arm-none-eabi-gcc "../Drivers/STM32G4xx_HAL_Driver/Src/stm32g4xx_hal_i2c_ex.c" -mcpu=cortex-m4 -std=gnu11 -g3 -DSTM32G431xx -DUSE_HAL_DRIVER -DDEBUG -c -I../Core/Inc -I../Drivers/STM32G4xx_HAL_Driver/Inc -I../Drivers/STM32G4xx_HAL_Driver/Inc/Legacy -I../Drivers/CMSIS/Device/ST/STM32G4xx/Include -I../Drivers/CMSIS/Include -O0 -ffunction-sections -fdata-sections -Wall -fstack-usage -fcyclomatic-complexity -MMD -MP -MF"Drivers/STM32G4xx_HAL_Driver/Src/stm32g4xx_hal_i2c_ex.d" -MT"Drivers/STM32G4xx_HAL_Driver/Src/stm32g4xx_hal_i2c_ex.o" --specs=nano.specs -mfpu=fpv4-sp-d16 -mfloat-abi=hard -mthumb -o "Drivers/STM32G4xx_HAL_Driver/Src/stm32g4xx_hal_i2c_ex.o"
arm-none-eabi-gcc "../Drivers/STM32G4xx_HAL_Driver/Src/stm32g4xx_hal_pwr.c" -mcpu=cortex-m4 -std=gnu11 -g3 -DSTM32G431xx -DUSE_HAL_DRIVER -DDEBUG -c -I../Core/Inc -I../Drivers/STM32G4xx_HAL_Driver/Inc -I../Drivers/STM32G4xx_HAL_Driver/Inc/Legacy -I../Drivers/CMSIS/Device/ST/STM32G4xx/Include -I../Drivers/CMSIS/Include -O0 -ffunction-sections -fdata-sections -Wall -fstack-usage -fcyclomatic-complexity -MMD -MP -MF"Drivers/STM32G4xx_HAL_Driver/Src/stm32g4xx_hal_pwr.d" -MT"Drivers/STM32G4xx_HAL_Driver/Src/stm32g4xx_hal_pwr.o" --specs=nano.specs -mfpu=fpv4-sp-d16 -mfloat-abi=hard -mthumb -o "Drivers/STM32G4xx_HAL_Driver/Src/stm32g4xx_hal_pwr.o"
arm-none-eabi-gcc "../Drivers/STM32G4xx_HAL_Driver/Src/stm32g4xx_hal_pwr_ex.c" -mcpu=cortex-m4 -std=gnu11 -g3 -DSTM32G431xx -DUSE_HAL_DRIVER -DDEBUG -c -I../Core/Inc -I../Drivers/STM32G4xx_HAL_Driver/Inc -I../Drivers/STM32G4xx_HAL_Driver/Inc/Legacy -I../Drivers/CMSIS/Device/ST/STM32G4xx/Include -I../Drivers/CMSIS/Include -O0 -ffunction-sections -fdata-sections -Wall -fstack-usage -fcyclomatic-complexity -MMD -MP -MF"Drivers/STM32G4xx_HAL_Driver/Src/stm32g4xx_hal_pwr_ex.d" -MT"Drivers/STM32G4xx_HAL_Driver/Src/stm32g4xx_hal_pwr_ex.o" --specs=nano.specs -mfpu=fpv4-sp-d16 -mfloat-abi=hard -mthumb -o "Drivers/STM32G4xx_HAL_Driver/Src/stm32g4xx_hal_pwr_ex.o"
arm-none-eabi-gcc "../Drivers/STM32G4xx_HAL_Driver/Src/stm32g4xx_hal_rcc.c" -mcpu=cortex-m4 -std=gnu11 -g3 -DSTM32G431xx -DUSE_HAL_DRIVER -DDEBUG -c -I../Core/Inc -I../Drivers/STM32G4xx_HAL_Driver/Inc -I../Drivers/STM32G4xx_HAL_Driver/Inc/Legacy -I../Drivers/CMSIS/Device/ST/STM32G4xx/Include -I../Drivers/CMSIS/Include -O0 -ffunction-sections -fdata-sections -Wall -fstack-usage -fcyclomatic-complexity -MMD -MP -MF"Drivers/STM32G4xx_HAL_Driver/Src/stm32g4xx_hal_rcc.d" -MT"Drivers/STM32G4xx_HAL_Driver/Src/stm32g4xx_hal_rcc.o" --specs=nano.specs -mfpu=fpv4-sp-d16 -mfloat-abi=hard -mthumb -o "Drivers/STM32G4xx_HAL_Driver/Src/stm32g4xx_hal_rcc.o"
arm-none-eabi-gcc "../Drivers/STM32G4xx_HAL_Driver/Src/stm32g4xx_hal_rcc_ex.c" -mcpu=cortex-m4 -std=gnu11 -g3 -DSTM32G431xx -DUSE_HAL_DRIVER -DDEBUG -c -I../Core/Inc -I../Drivers/STM32G4xx_HAL_Driver/Inc -I../Drivers/STM32G4xx_HAL_Driver/Inc/Legacy -I../Drivers/CMSIS/Device/ST/STM32G4xx/Include -I../Drivers/CMSIS/Include -O0 -ffunction-sections -fdata-sections -Wall -fstack-usage -fcyclomatic-complexity -MMD -MP -MF"Drivers/STM32G4xx_HAL_Driver/Src/stm32g4xx_hal_rcc_ex.d" -MT"Drivers/STM32G4xx_HAL_Driver/Src/stm32g4xx_hal_rcc_ex.o" --specs=nano.specs -mfpu=fpv4-sp-d16 -mfloat-abi=hard -mthumb -o "Drivers/STM32G4xx_HAL_Driver/Src/stm32g4xx_hal_rcc_ex.o"
arm-none-eabi-gcc "../Drivers/STM32G4xx_HAL_Driver/Src/stm32g4xx_hal_tim.c" -mcpu=cortex-m4 -std=gnu11 -g3 -DSTM32G431xx -DUSE_HAL_DRIVER -DDEBUG -c -I../Core/Inc -I../Drivers/STM32G4xx_HAL_Driver/Inc -I../Drivers/STM32G4xx_HAL_Driver/Inc/Legacy -I../Drivers/CMSIS/Device/ST/STM32G4xx/Include -I../Drivers/CMSIS/Include -O0 -ffunction-sections -fdata-sections -Wall -fstack-usage -fcyclomatic-complexity -MMD -MP -MF"Drivers/STM32G4xx_HAL_Driver/Src/stm32g4xx_hal_tim.d" -MT"Drivers/STM32G4xx_HAL_Driver/Src/stm32g4xx_hal_tim.o" --specs=nano.specs -mfpu=fpv4-sp-d16 -mfloat-abi=hard -mthumb -o "Drivers/STM32G4xx_HAL_Driver/Src/stm32g4xx_hal_tim.o"
arm-none-eabi-gcc "../Drivers/STM32G4xx_HAL_Driver/Src/stm32g4xx_hal_tim_ex.c" -mcpu=cortex-m4 -std=gnu11 -g3 -DSTM32G431xx -DUSE_HAL_DRIVER -DDEBUG -c -I../Core/Inc -I../Drivers/STM32G4xx_HAL_Driver/Inc -I../Drivers/STM32G4xx_HAL_Driver/Inc/Legacy -I../Drivers/CMSIS/Device/ST/STM32G4xx/Include -I../Drivers/CMSIS/Include -O0 -ffunction-sections -fdata-sections -Wall -fstack-usage -fcyclomatic-complexity -MMD -MP -MF"Drivers/STM32G4xx_HAL_Driver/Src/stm32g4xx_hal_tim_ex.d" -MT"Drivers/STM32G4xx_HAL_Driver/Src/stm32g4xx_hal_tim_ex.o" --specs=nano.specs -mfpu=fpv4-sp-d16 -mfloat-abi=hard -mthumb -o "Drivers/STM32G4xx_HAL_Driver/Src/stm32g4xx_hal_tim_ex.o"
arm-none-eabi-gcc "../Drivers/STM32G4xx_HAL_Driver/Src/stm32g4xx_ll_adc.c" -mcpu=cortex-m4 -std=gnu11 -g3 -DSTM32G431xx -DUSE_HAL_DRIVER -DDEBUG -c -I../Core/Inc -I../Drivers/STM32G4xx_HAL_Driver/Inc -I../Drivers/STM32G4xx_HAL_Driver/Inc/Legacy -I../Drivers/CMSIS/Device/ST/STM32G4xx/Include -I../Drivers/CMSIS/Include -O0 -ffunction-sections -fdata-sections -Wall -fstack-usage -fcyclomatic-complexity -MMD -MP -MF"Drivers/STM32G4xx_HAL_Driver/Src/stm32g4xx_ll_adc.d" -MT"Drivers/STM32G4xx_HAL_Driver/Src/stm32g4xx_ll_adc.o" --specs=nano.specs -mfpu=fpv4-sp-d16 -mfloat-abi=hard -mthumb -o "Drivers/STM32G4xx_HAL_Driver/Src/stm32g4xx_ll_adc.o"
arm-none-eabi-gcc -mcpu=cortex-m4 -g3 -c -x assembler-with-cpp -MMD -MP -MF"Core/Startup/startup_stm32g431kbtx.d" -MT"Core/Startup/startup_stm32g431kbtx.o" --specs=nano.specs -mfpu=fpv4-sp-d16 -mfloat-abi=hard -mthumb -o "Core/Startup/startup_stm32g431kbtx.o" "../Core/Startup/startup_stm32g431kbtx.s"
arm-none-eabi-gcc "../Core/Src/main.c" -mcpu=cortex-m4 -std=gnu11 -g3 -DSTM32G431xx -DUSE_HAL_DRIVER -DDEBUG -c -I../Core/Inc -I../Drivers/STM32G4xx_HAL_Driver/Inc -I../Drivers/STM32G4xx_HAL_Driver/Inc/Legacy -I../Drivers/CMSIS/Device/ST/STM32G4xx/Include -I../Drivers/CMSIS/Include -O0 -ffunction-sections -fdata-sections -Wall -fstack-usage -fcyclomatic-complexity -MMD -MP -MF"Core/Src/main.d" -MT"Core/Src/main.o" --specs=nano.specs -mfpu=fpv4-sp-d16 -mfloat-abi=hard -mthumb -o "Core/Src/main.o"
arm-none-eabi-gcc "../Core/Src/stm32g4xx_hal_msp.c" -mcpu=cortex-m4 -std=gnu11 -g3 -DSTM32G431xx -DUSE_HAL_DRIVER -DDEBUG -c -I../Core/Inc -I../Drivers/STM32G4xx_HAL_Driver/Inc -I../Drivers/STM32G4xx_HAL_Driver/Inc/Legacy -I../Drivers/CMSIS/Device/ST/STM32G4xx/Include -I../Drivers/CMSIS/Include -O0 -ffunction-sections -fdata-sections -Wall -fstack-usage -fcyclomatic-complexity -MMD -MP -MF"Core/Src/stm32g4xx_hal_msp.d" -MT"Core/Src/stm32g4xx_hal_msp.o" --specs=nano.specs -mfpu=fpv4-sp-d16 -mfloat-abi=hard -mthumb -o "Core/Src/stm32g4xx_hal_msp.o"
arm-none-eabi-gcc "../Core/Src/stm32g4xx_it.c" -mcpu=cortex-m4 -std=gnu11 -g3 -DSTM32G431xx -DUSE_HAL_DRIVER -DDEBUG -c -I../Core/Inc -I../Drivers/STM32G4xx_HAL_Driver/Inc -I../Drivers/STM32G4xx_HAL_Driver/Inc/Legacy -I../Drivers/CMSIS/Device/ST/STM32G4xx/Include -I../Drivers/CMSIS/Include -O0 -ffunction-sections -fdata-sections -Wall -fstack-usage -fcyclomatic-complexity -MMD -MP -MF"Core/Src/stm32g4xx_it.d" -MT"Core/Src/stm32g4xx_it.o" --specs=nano.specs -mfpu=fpv4-sp-d16 -mfloat-abi=hard -mthumb -o "Core/Src/stm32g4xx_it.o"
arm-none-eabi-gcc "../Core/Src/syscalls.c" -mcpu=cortex-m4 -std=gnu11 -g3 -DSTM32G431xx -DUSE_HAL_DRIVER -DDEBUG -c -I../Core/Inc -I../Drivers/STM32G4xx_HAL_Driver/Inc -I../Drivers/STM32G4xx_HAL_Driver/Inc/Legacy -I../Drivers/CMSIS/Device/ST/STM32G4xx/Include -I../Drivers/CMSIS/Include -O0 -ffunction-sections -fdata-sections -Wall -fstack-usage -fcyclomatic-complexity -MMD -MP -MF"Core/Src/syscalls.d" -MT"Core/Src/syscalls.o" --specs=nano.specs -mfpu=fpv4-sp-d16 -mfloat-abi=hard -mthumb -o "Core/Src/syscalls.o"
arm-none-eabi-gcc "../Core/Src/sysmem.c" -mcpu=cortex-m4 -std=gnu11 -g3 -DSTM32G431xx -DUSE_HAL_DRIVER -DDEBUG -c -I../Core/Inc -I../Drivers/STM32G4xx_HAL_Driver/Inc -I../Drivers/STM32G4xx_HAL_Driver/Inc/Legacy -I../Drivers/CMSIS/Device/ST/STM32G4xx/Include -I../Drivers/CMSIS/Include -O0 -ffunction-sections -fdata-sections -Wall -fstack-usage -fcyclomatic-complexity -MMD -MP -MF"Core/Src/sysmem.d" -MT"Core/Src/sysmem.o" --specs=nano.specs -mfpu=fpv4-sp-d16 -mfloat-abi=hard -mthumb -o "Core/Src/sysmem.o"
arm-none-eabi-gcc "../Core/Src/system_stm32g4xx.c" -mcpu=cortex-m4 -std=gnu11 -g3 -DSTM32G431xx -DUSE_HAL_DRIVER -DDEBUG -c -I../Core/Inc -I../Drivers/STM32G4xx_HAL_Driver/Inc -I../Drivers/STM32G4xx_HAL_Driver/Inc/Legacy -I../Drivers/CMSIS/Device/ST/STM32G4xx/Include -I../Drivers/CMSIS/Include -O0 -ffunction-sections -fdata-sections -Wall -fstack-usage -fcyclomatic-complexity -MMD -MP -MF"Core/Src/system_stm32g4xx.d" -MT"Core/Src/system_stm32g4xx.o" --specs=nano.specs -mfpu=fpv4-sp-d16 -mfloat-abi=hard -mthumb -o "Core/Src/system_stm32g4xx.o"
../Core/Src/main.c: In function 'main':
../Core/Src/main.c:188:26: warning: format '%d' expects argument of type 'int', but argument 2 has type 'uint32_t' {aka 'long unsigned int'} [-Wformat=]
  188 |                 printf("%d,%.4f,%.3f\r\n", HAL_GetTick(), voltage_difference, current_amps);
      |                         ~^                 ~~~~~~~~~~~~~
      |                          |                 |
      |                          int               uint32_t {aka long unsigned int}
      |                         %ld
arm-none-eabi-gcc -o "MAG_SAT_firm_project.elf" @"objects.list"   -mcpu=cortex-m4 -T"C:\Users\hye071\Downloads\P4P_TMR\Firmware\TMR_MAGSAT\MAG_SAT_firm_project\STM32G431KBTX_FLASH.ld" --specs=nosys.specs -Wl,-Map="MAG_SAT_firm_project.map" -Wl,--gc-sections -static --specs=nano.specs -mfpu=fpv4-sp-d16 -mfloat-abi=hard -mthumb -u _printf_float -Wl,--start-group -lc -lm -Wl,--end-group
C:/ST/STM32CubeIDE_1.15.1/STM32CubeIDE/plugins/com.st.stm32cube.ide.mcu.externaltools.gnu-tools-for-stm32.12.3.rel1.win32_1.0.100.202403111256/tools/bin/../lib/gcc/arm-none-eabi/12.3.1/../../../../arm-none-eabi/bin/ld.exe: warning: MAG_SAT_firm_project.elf has a LOAD segment with RWX permissions
Finished building target: MAG_SAT_firm_project.elf
 
arm-none-eabi-size  MAG_SAT_firm_project.elf 
arm-none-eabi-objdump -h -S MAG_SAT_firm_project.elf  > "MAG_SAT_firm_project.list"
   text	   data	    bss	    dec	    hex	filename
  31276	    476	   2108	  33860	   8444	MAG_SAT_firm_project.elf
Finished building: default.size.stdout
 
Finished building: MAG_SAT_firm_project.list
 
18:16:12 **** Incremental Build of configuration Debug for project MAG_SAT_firm_project ****
make -j28 all 
arm-none-eabi-size  MAG_SAT_firm_project.elf 
   text	   data	    bss	    dec	    hex	filename
  31276	    476	   2108	  33860	   8444	MAG_SAT_firm_project.elf
Finished building: default.size.stdout
 
18:16:20 **** Incremental Build of configuration Debug for project MAG_SAT_firm_project ****
make -j28 all 
arm-none-eabi-size  MAG_SAT_firm_project.elf 
   text	   data	    bss	    dec	    hex	filename
  31276	    476	   2108	  33860	   8444	MAG_SAT_firm_project.elf
Finished building: default.size.stdout
 
18:21:35 **** Incremental Build of configuration Debug for project MAG_SAT_firm_project ****
make -j28 all 
arm-none-eabi-gcc "../Core/Src/main.c" -mcpu=cortex-m4 -std=gnu11 -g3 -DSTM32G431xx -DUSE_HAL_DRIVER -DDEBUG -c -I../Core/Inc -I../Drivers/STM32G4xx_HAL_Driver/Inc -I../Drivers/STM32G4xx_HAL_Driver/Inc/Legacy -I../Drivers/CMSIS/Device/ST/STM32G4xx/Include -I../Drivers/CMSIS/Include -O0 -ffunction-sections -fdata-sections -Wall -fstack-usage -fcyclomatic-complexity -MMD -MP -MF"Core/Src/main.d" -MT"Core/Src/main.o" --specs=nano.specs -mfpu=fpv4-sp-d16 -mfloat-abi=hard -mthumb -o "Core/Src/main.o"
../Core/Src/main.c: In function 'main':
../Core/Src/main.c:188:26: warning: format '%d' expects argument of type 'int', but argument 2 has type 'uint32_t' {aka 'long unsigned int'} [-Wformat=]
  188 |                 printf("%d,%.4f,%.3f\r\n", HAL_GetTick(), voltage_difference, current_amps);
      |                         ~^                 ~~~~~~~~~~~~~
      |                          |                 |
      |                          int               uint32_t {aka long unsigned int}
      |                         %ld
arm-none-eabi-gcc -o "MAG_SAT_firm_project.elf" @"objects.list"   -mcpu=cortex-m4 -T"C:\Users\hye071\Downloads\P4P_TMR\Firmware\TMR_MAGSAT\MAG_SAT_firm_project\STM32G431KBTX_FLASH.ld" --specs=nosys.specs -Wl,-Map="MAG_SAT_firm_project.map" -Wl,--gc-sections -static --specs=nano.specs -mfpu=fpv4-sp-d16 -mfloat-abi=hard -mthumb -u _printf_float -Wl,--start-group -lc -lm -Wl,--end-group
C:/ST/STM32CubeIDE_1.15.1/STM32CubeIDE/plugins/com.st.stm32cube.ide.mcu.externaltools.gnu-tools-for-stm32.12.3.rel1.win32_1.0.100.202403111256/tools/bin/../lib/gcc/arm-none-eabi/12.3.1/../../../../arm-none-eabi/bin/ld.exe: warning: MAG_SAT_firm_project.elf has a LOAD segment with RWX permissions
Finished building target: MAG_SAT_firm_project.elf
 
arm-none-eabi-size  MAG_SAT_firm_project.elf 
arm-none-eabi-objdump -h -S MAG_SAT_firm_project.elf  > "MAG_SAT_firm_project.list"
   text	   data	    bss	    dec	    hex	filename
  31276	    476	   2108	  33860	   8444	MAG_SAT_firm_project.elf
Finished building: default.size.stdout
 
Finished building: MAG_SAT_firm_project.list
 
18:21:40 **** Incremental Build of configuration Debug for project MAG_SAT_firm_project ****
make -j28 all 
arm-none-eabi-size  MAG_SAT_firm_project.elf 
   text	   data	    bss	    dec	    hex	filename
  31276	    476	   2108	  33860	   8444	MAG_SAT_firm_project.elf
Finished building: default.size.stdout
 
18:21:55 **** Incremental Build of configuration Debug for project MAG_SAT_firm_project ****
make -j28 all 
arm-none-eabi-size  MAG_SAT_firm_project.elf 
   text	   data	    bss	    dec	    hex	filename
  31276	    476	   2108	  33860	   8444	MAG_SAT_firm_project.elf
Finished building: default.size.stdout
 
18:23:53 **** Incremental Build of configuration Debug for project MAG_SAT_firm_project ****
make -j28 all 
arm-none-eabi-gcc "../Core/Src/main.c" -mcpu=cortex-m4 -std=gnu11 -g3 -DSTM32G431xx -DUSE_HAL_DRIVER -DDEBUG -c -I../Core/Inc -I../Drivers/STM32G4xx_HAL_Driver/Inc -I../Drivers/STM32G4xx_HAL_Driver/Inc/Legacy -I../Drivers/CMSIS/Device/ST/STM32G4xx/Include -I../Drivers/CMSIS/Include -O0 -ffunction-sections -fdata-sections -Wall -fstack-usage -fcyclomatic-complexity -MMD -MP -MF"Core/Src/main.d" -MT"Core/Src/main.o" --specs=nano.specs -mfpu=fpv4-sp-d16 -mfloat-abi=hard -mthumb -o "Core/Src/main.o"
../Core/Src/main.c: In function 'main':
../Core/Src/main.c:188:26: warning: format '%d' expects argument of type 'int', but argument 2 has type 'uint32_t' {aka 'long unsigned int'} [-Wformat=]
  188 |                 printf("%d,%.4f,%.3f\r\n", HAL_GetTick(), voltage_difference, current_amps);
      |                         ~^                 ~~~~~~~~~~~~~
      |                          |                 |
      |                          int               uint32_t {aka long unsigned int}
      |                         %ld
arm-none-eabi-gcc -o "MAG_SAT_firm_project.elf" @"objects.list"   -mcpu=cortex-m4 -T"C:\Users\hye071\Downloads\P4P_TMR\Firmware\TMR_MAGSAT\MAG_SAT_firm_project\STM32G431KBTX_FLASH.ld" --specs=nosys.specs -Wl,-Map="MAG_SAT_firm_project.map" -Wl,--gc-sections -static --specs=nano.specs -mfpu=fpv4-sp-d16 -mfloat-abi=hard -mthumb -u _printf_float -Wl,--start-group -lc -lm -Wl,--end-group
C:/ST/STM32CubeIDE_1.15.1/STM32CubeIDE/plugins/com.st.stm32cube.ide.mcu.externaltools.gnu-tools-for-stm32.12.3.rel1.win32_1.0.100.202403111256/tools/bin/../lib/gcc/arm-none-eabi/12.3.1/../../../../arm-none-eabi/bin/ld.exe: warning: MAG_SAT_firm_project.elf has a LOAD segment with RWX permissions
Finished building target: MAG_SAT_firm_project.elf
 
arm-none-eabi-size  MAG_SAT_firm_project.elf 
arm-none-eabi-objdump -h -S MAG_SAT_firm_project.elf  > "MAG_SAT_firm_project.list"
   text	   data	    bss	    dec	    hex	filename
  31284	    476	   2108	  33868	   844c	MAG_SAT_firm_project.elf
Finished building: default.size.stdout
 
Finished building: MAG_SAT_firm_project.list
 
18:23:56 **** Incremental Build of configuration Debug for project MAG_SAT_firm_project ****
make -j28 all 
arm-none-eabi-size  MAG_SAT_firm_project.elf 
   text	   data	    bss	    dec	    hex	filename
  31284	    476	   2108	  33868	   844c	MAG_SAT_firm_project.elf
Finished building: default.size.stdout
 
18:24:11 **** Incremental Build of configuration Debug for project MAG_SAT_firm_project ****
make -j28 all 
arm-none-eabi-size  MAG_SAT_firm_project.elf 
   text	   data	    bss	    dec	    hex	filename
  31284	    476	   2108	  33868	   844c	MAG_SAT_firm_project.elf
Finished building: default.size.stdout
 
18:28:36 **** Incremental Build of configuration Debug for project MAG_SAT_firm_project ****
make -j28 all 
arm-none-eabi-size  MAG_SAT_firm_project.elf 
   text	   data	    bss	    dec	    hex	filename
  31284	    476	   2108	  33868	   844c	MAG_SAT_firm_project.elf
Finished building: default.size.stdout
 
18:38:05 **** Build of configuration Debug for project MAG_SAT_firm_project ****
make -j28 all 
arm-none-eabi-gcc "../Drivers/STM32G4xx_HAL_Driver/Src/stm32g4xx_hal.c" -mcpu=cortex-m4 -std=gnu11 -g3 -DSTM32G431xx -DUSE_HAL_DRIVER -DDEBUG -c -I../Core/Inc -I../Drivers/STM32G4xx_HAL_Driver/Inc -I../Drivers/STM32G4xx_HAL_Driver/Inc/Legacy -I../Drivers/CMSIS/Device/ST/STM32G4xx/Include -I../Drivers/CMSIS/Include -O0 -ffunction-sections -fdata-sections -Wall -fstack-usage -fcyclomatic-complexity -MMD -MP -MF"Drivers/STM32G4xx_HAL_Driver/Src/stm32g4xx_hal.d" -MT"Drivers/STM32G4xx_HAL_Driver/Src/stm32g4xx_hal.o" --specs=nano.specs -mfpu=fpv4-sp-d16 -mfloat-abi=hard -mthumb -o "Drivers/STM32G4xx_HAL_Driver/Src/stm32g4xx_hal.o"
arm-none-eabi-gcc "../Drivers/STM32G4xx_HAL_Driver/Src/stm32g4xx_hal_adc.c" -mcpu=cortex-m4 -std=gnu11 -g3 -DSTM32G431xx -DUSE_HAL_DRIVER -DDEBUG -c -I../Core/Inc -I../Drivers/STM32G4xx_HAL_Driver/Inc -I../Drivers/STM32G4xx_HAL_Driver/Inc/Legacy -I../Drivers/CMSIS/Device/ST/STM32G4xx/Include -I../Drivers/CMSIS/Include -O0 -ffunction-sections -fdata-sections -Wall -fstack-usage -fcyclomatic-complexity -MMD -MP -MF"Drivers/STM32G4xx_HAL_Driver/Src/stm32g4xx_hal_adc.d" -MT"Drivers/STM32G4xx_HAL_Driver/Src/stm32g4xx_hal_adc.o" --specs=nano.specs -mfpu=fpv4-sp-d16 -mfloat-abi=hard -mthumb -o "Drivers/STM32G4xx_HAL_Driver/Src/stm32g4xx_hal_adc.o"
arm-none-eabi-gcc "../Drivers/STM32G4xx_HAL_Driver/Src/stm32g4xx_hal_adc_ex.c" -mcpu=cortex-m4 -std=gnu11 -g3 -DSTM32G431xx -DUSE_HAL_DRIVER -DDEBUG -c -I../Core/Inc -I../Drivers/STM32G4xx_HAL_Driver/Inc -I../Drivers/STM32G4xx_HAL_Driver/Inc/Legacy -I../Drivers/CMSIS/Device/ST/STM32G4xx/Include -I../Drivers/CMSIS/Include -O0 -ffunction-sections -fdata-sections -Wall -fstack-usage -fcyclomatic-complexity -MMD -MP -MF"Drivers/STM32G4xx_HAL_Driver/Src/stm32g4xx_hal_adc_ex.d" -MT"Drivers/STM32G4xx_HAL_Driver/Src/stm32g4xx_hal_adc_ex.o" --specs=nano.specs -mfpu=fpv4-sp-d16 -mfloat-abi=hard -mthumb -o "Drivers/STM32G4xx_HAL_Driver/Src/stm32g4xx_hal_adc_ex.o"
arm-none-eabi-gcc "../Drivers/STM32G4xx_HAL_Driver/Src/stm32g4xx_hal_cortex.c" -mcpu=cortex-m4 -std=gnu11 -g3 -DSTM32G431xx -DUSE_HAL_DRIVER -DDEBUG -c -I../Core/Inc -I../Drivers/STM32G4xx_HAL_Driver/Inc -I../Drivers/STM32G4xx_HAL_Driver/Inc/Legacy -I../Drivers/CMSIS/Device/ST/STM32G4xx/Include -I../Drivers/CMSIS/Include -O0 -ffunction-sections -fdata-sections -Wall -fstack-usage -fcyclomatic-complexity -MMD -MP -MF"Drivers/STM32G4xx_HAL_Driver/Src/stm32g4xx_hal_cortex.d" -MT"Drivers/STM32G4xx_HAL_Driver/Src/stm32g4xx_hal_cortex.o" --specs=nano.specs -mfpu=fpv4-sp-d16 -mfloat-abi=hard -mthumb -o "Drivers/STM32G4xx_HAL_Driver/Src/stm32g4xx_hal_cortex.o"
arm-none-eabi-gcc "../Drivers/STM32G4xx_HAL_Driver/Src/stm32g4xx_hal_dma.c" -mcpu=cortex-m4 -std=gnu11 -g3 -DSTM32G431xx -DUSE_HAL_DRIVER -DDEBUG -c -I../Core/Inc -I../Drivers/STM32G4xx_HAL_Driver/Inc -I../Drivers/STM32G4xx_HAL_Driver/Inc/Legacy -I../Drivers/CMSIS/Device/ST/STM32G4xx/Include -I../Drivers/CMSIS/Include -O0 -ffunction-sections -fdata-sections -Wall -fstack-usage -fcyclomatic-complexity -MMD -MP -MF"Drivers/STM32G4xx_HAL_Driver/Src/stm32g4xx_hal_dma.d" -MT"Drivers/STM32G4xx_HAL_Driver/Src/stm32g4xx_hal_dma.o" --specs=nano.specs -mfpu=fpv4-sp-d16 -mfloat-abi=hard -mthumb -o "Drivers/STM32G4xx_HAL_Driver/Src/stm32g4xx_hal_dma.o"
arm-none-eabi-gcc "../Drivers/STM32G4xx_HAL_Driver/Src/stm32g4xx_hal_dma_ex.c" -mcpu=cortex-m4 -std=gnu11 -g3 -DSTM32G431xx -DUSE_HAL_DRIVER -DDEBUG -c -I../Core/Inc -I../Drivers/STM32G4xx_HAL_Driver/Inc -I../Drivers/STM32G4xx_HAL_Driver/Inc/Legacy -I../Drivers/CMSIS/Device/ST/STM32G4xx/Include -I../Drivers/CMSIS/Include -O0 -ffunction-sections -fdata-sections -Wall -fstack-usage -fcyclomatic-complexity -MMD -MP -MF"Drivers/STM32G4xx_HAL_Driver/Src/stm32g4xx_hal_dma_ex.d" -MT"Drivers/STM32G4xx_HAL_Driver/Src/stm32g4xx_hal_dma_ex.o" --specs=nano.specs -mfpu=fpv4-sp-d16 -mfloat-abi=hard -mthumb -o "Drivers/STM32G4xx_HAL_Driver/Src/stm32g4xx_hal_dma_ex.o"
arm-none-eabi-gcc "../Drivers/STM32G4xx_HAL_Driver/Src/stm32g4xx_hal_exti.c" -mcpu=cortex-m4 -std=gnu11 -g3 -DSTM32G431xx -DUSE_HAL_DRIVER -DDEBUG -c -I../Core/Inc -I../Drivers/STM32G4xx_HAL_Driver/Inc -I../Drivers/STM32G4xx_HAL_Driver/Inc/Legacy -I../Drivers/CMSIS/Device/ST/STM32G4xx/Include -I../Drivers/CMSIS/Include -O0 -ffunction-sections -fdata-sections -Wall -fstack-usage -fcyclomatic-complexity -MMD -MP -MF"Drivers/STM32G4xx_HAL_Driver/Src/stm32g4xx_hal_exti.d" -MT"Drivers/STM32G4xx_HAL_Driver/Src/stm32g4xx_hal_exti.o" --specs=nano.specs -mfpu=fpv4-sp-d16 -mfloat-abi=hard -mthumb -o "Drivers/STM32G4xx_HAL_Driver/Src/stm32g4xx_hal_exti.o"
arm-none-eabi-gcc "../Drivers/STM32G4xx_HAL_Driver/Src/stm32g4xx_hal_flash.c" -mcpu=cortex-m4 -std=gnu11 -g3 -DSTM32G431xx -DUSE_HAL_DRIVER -DDEBUG -c -I../Core/Inc -I../Drivers/STM32G4xx_HAL_Driver/Inc -I../Drivers/STM32G4xx_HAL_Driver/Inc/Legacy -I../Drivers/CMSIS/Device/ST/STM32G4xx/Include -I../Drivers/CMSIS/Include -O0 -ffunction-sections -fdata-sections -Wall -fstack-usage -fcyclomatic-complexity -MMD -MP -MF"Drivers/STM32G4xx_HAL_Driver/Src/stm32g4xx_hal_flash.d" -MT"Drivers/STM32G4xx_HAL_Driver/Src/stm32g4xx_hal_flash.o" --specs=nano.specs -mfpu=fpv4-sp-d16 -mfloat-abi=hard -mthumb -o "Drivers/STM32G4xx_HAL_Driver/Src/stm32g4xx_hal_flash.o"
arm-none-eabi-gcc "../Drivers/STM32G4xx_HAL_Driver/Src/stm32g4xx_hal_flash_ex.c" -mcpu=cortex-m4 -std=gnu11 -g3 -DSTM32G431xx -DUSE_HAL_DRIVER -DDEBUG -c -I../Core/Inc -I../Drivers/STM32G4xx_HAL_Driver/Inc -I../Drivers/STM32G4xx_HAL_Driver/Inc/Legacy -I../Drivers/CMSIS/Device/ST/STM32G4xx/Include -I../Drivers/CMSIS/Include -O0 -ffunction-sections -fdata-sections -Wall -fstack-usage -fcyclomatic-complexity -MMD -MP -MF"Drivers/STM32G4xx_HAL_Driver/Src/stm32g4xx_hal_flash_ex.d" -MT"Drivers/STM32G4xx_HAL_Driver/Src/stm32g4xx_hal_flash_ex.o" --specs=nano.specs -mfpu=fpv4-sp-d16 -mfloat-abi=hard -mthumb -o "Drivers/STM32G4xx_HAL_Driver/Src/stm32g4xx_hal_flash_ex.o"
arm-none-eabi-gcc "../Drivers/STM32G4xx_HAL_Driver/Src/stm32g4xx_hal_flash_ramfunc.c" -mcpu=cortex-m4 -std=gnu11 -g3 -DSTM32G431xx -DUSE_HAL_DRIVER -DDEBUG -c -I../Core/Inc -I../Drivers/STM32G4xx_HAL_Driver/Inc -I../Drivers/STM32G4xx_HAL_Driver/Inc/Legacy -I../Drivers/CMSIS/Device/ST/STM32G4xx/Include -I../Drivers/CMSIS/Include -O0 -ffunction-sections -fdata-sections -Wall -fstack-usage -fcyclomatic-complexity -MMD -MP -MF"Drivers/STM32G4xx_HAL_Driver/Src/stm32g4xx_hal_flash_ramfunc.d" -MT"Drivers/STM32G4xx_HAL_Driver/Src/stm32g4xx_hal_flash_ramfunc.o" --specs=nano.specs -mfpu=fpv4-sp-d16 -mfloat-abi=hard -mthumb -o "Drivers/STM32G4xx_HAL_Driver/Src/stm32g4xx_hal_flash_ramfunc.o"
arm-none-eabi-gcc "../Drivers/STM32G4xx_HAL_Driver/Src/stm32g4xx_hal_gpio.c" -mcpu=cortex-m4 -std=gnu11 -g3 -DSTM32G431xx -DUSE_HAL_DRIVER -DDEBUG -c -I../Core/Inc -I../Drivers/STM32G4xx_HAL_Driver/Inc -I../Drivers/STM32G4xx_HAL_Driver/Inc/Legacy -I../Drivers/CMSIS/Device/ST/STM32G4xx/Include -I../Drivers/CMSIS/Include -O0 -ffunction-sections -fdata-sections -Wall -fstack-usage -fcyclomatic-complexity -MMD -MP -MF"Drivers/STM32G4xx_HAL_Driver/Src/stm32g4xx_hal_gpio.d" -MT"Drivers/STM32G4xx_HAL_Driver/Src/stm32g4xx_hal_gpio.o" --specs=nano.specs -mfpu=fpv4-sp-d16 -mfloat-abi=hard -mthumb -o "Drivers/STM32G4xx_HAL_Driver/Src/stm32g4xx_hal_gpio.o"
arm-none-eabi-gcc "../Drivers/STM32G4xx_HAL_Driver/Src/stm32g4xx_hal_i2c.c" -mcpu=cortex-m4 -std=gnu11 -g3 -DSTM32G431xx -DUSE_HAL_DRIVER -DDEBUG -c -I../Core/Inc -I../Drivers/STM32G4xx_HAL_Driver/Inc -I../Drivers/STM32G4xx_HAL_Driver/Inc/Legacy -I../Drivers/CMSIS/Device/ST/STM32G4xx/Include -I../Drivers/CMSIS/Include -O0 -ffunction-sections -fdata-sections -Wall -fstack-usage -fcyclomatic-complexity -MMD -MP -MF"Drivers/STM32G4xx_HAL_Driver/Src/stm32g4xx_hal_i2c.d" -MT"Drivers/STM32G4xx_HAL_Driver/Src/stm32g4xx_hal_i2c.o" --specs=nano.specs -mfpu=fpv4-sp-d16 -mfloat-abi=hard -mthumb -o "Drivers/STM32G4xx_HAL_Driver/Src/stm32g4xx_hal_i2c.o"
arm-none-eabi-gcc "../Drivers/STM32G4xx_HAL_Driver/Src/stm32g4xx_hal_i2c_ex.c" -mcpu=cortex-m4 -std=gnu11 -g3 -DSTM32G431xx -DUSE_HAL_DRIVER -DDEBUG -c -I../Core/Inc -I../Drivers/STM32G4xx_HAL_Driver/Inc -I../Drivers/STM32G4xx_HAL_Driver/Inc/Legacy -I../Drivers/CMSIS/Device/ST/STM32G4xx/Include -I../Drivers/CMSIS/Include -O0 -ffunction-sections -fdata-sections -Wall -fstack-usage -fcyclomatic-complexity -MMD -MP -MF"Drivers/STM32G4xx_HAL_Driver/Src/stm32g4xx_hal_i2c_ex.d" -MT"Drivers/STM32G4xx_HAL_Driver/Src/stm32g4xx_hal_i2c_ex.o" --specs=nano.specs -mfpu=fpv4-sp-d16 -mfloat-abi=hard -mthumb -o "Drivers/STM32G4xx_HAL_Driver/Src/stm32g4xx_hal_i2c_ex.o"
arm-none-eabi-gcc "../Drivers/STM32G4xx_HAL_Driver/Src/stm32g4xx_hal_pwr.c" -mcpu=cortex-m4 -std=gnu11 -g3 -DSTM32G431xx -DUSE_HAL_DRIVER -DDEBUG -c -I../Core/Inc -I../Drivers/STM32G4xx_HAL_Driver/Inc -I../Drivers/STM32G4xx_HAL_Driver/Inc/Legacy -I../Drivers/CMSIS/Device/ST/STM32G4xx/Include -I../Drivers/CMSIS/Include -O0 -ffunction-sections -fdata-sections -Wall -fstack-usage -fcyclomatic-complexity -MMD -MP -MF"Drivers/STM32G4xx_HAL_Driver/Src/stm32g4xx_hal_pwr.d" -MT"Drivers/STM32G4xx_HAL_Driver/Src/stm32g4xx_hal_pwr.o" --specs=nano.specs -mfpu=fpv4-sp-d16 -mfloat-abi=hard -mthumb -o "Drivers/STM32G4xx_HAL_Driver/Src/stm32g4xx_hal_pwr.o"
arm-none-eabi-gcc "../Drivers/STM32G4xx_HAL_Driver/Src/stm32g4xx_hal_pwr_ex.c" -mcpu=cortex-m4 -std=gnu11 -g3 -DSTM32G431xx -DUSE_HAL_DRIVER -DDEBUG -c -I../Core/Inc -I../Drivers/STM32G4xx_HAL_Driver/Inc -I../Drivers/STM32G4xx_HAL_Driver/Inc/Legacy -I../Drivers/CMSIS/Device/ST/STM32G4xx/Include -I../Drivers/CMSIS/Include -O0 -ffunction-sections -fdata-sections -Wall -fstack-usage -fcyclomatic-complexity -MMD -MP -MF"Drivers/STM32G4xx_HAL_Driver/Src/stm32g4xx_hal_pwr_ex.d" -MT"Drivers/STM32G4xx_HAL_Driver/Src/stm32g4xx_hal_pwr_ex.o" --specs=nano.specs -mfpu=fpv4-sp-d16 -mfloat-abi=hard -mthumb -o "Drivers/STM32G4xx_HAL_Driver/Src/stm32g4xx_hal_pwr_ex.o"
arm-none-eabi-gcc "../Drivers/STM32G4xx_HAL_Driver/Src/stm32g4xx_hal_rcc.c" -mcpu=cortex-m4 -std=gnu11 -g3 -DSTM32G431xx -DUSE_HAL_DRIVER -DDEBUG -c -I../Core/Inc -I../Drivers/STM32G4xx_HAL_Driver/Inc -I../Drivers/STM32G4xx_HAL_Driver/Inc/Legacy -I../Drivers/CMSIS/Device/ST/STM32G4xx/Include -I../Drivers/CMSIS/Include -O0 -ffunction-sections -fdata-sections -Wall -fstack-usage -fcyclomatic-complexity -MMD -MP -MF"Drivers/STM32G4xx_HAL_Driver/Src/stm32g4xx_hal_rcc.d" -MT"Drivers/STM32G4xx_HAL_Driver/Src/stm32g4xx_hal_rcc.o" --specs=nano.specs -mfpu=fpv4-sp-d16 -mfloat-abi=hard -mthumb -o "Drivers/STM32G4xx_HAL_Driver/Src/stm32g4xx_hal_rcc.o"
arm-none-eabi-gcc "../Drivers/STM32G4xx_HAL_Driver/Src/stm32g4xx_hal_rcc_ex.c" -mcpu=cortex-m4 -std=gnu11 -g3 -DSTM32G431xx -DUSE_HAL_DRIVER -DDEBUG -c -I../Core/Inc -I../Drivers/STM32G4xx_HAL_Driver/Inc -I../Drivers/STM32G4xx_HAL_Driver/Inc/Legacy -I../Drivers/CMSIS/Device/ST/STM32G4xx/Include -I../Drivers/CMSIS/Include -O0 -ffunction-sections -fdata-sections -Wall -fstack-usage -fcyclomatic-complexity -MMD -MP -MF"Drivers/STM32G4xx_HAL_Driver/Src/stm32g4xx_hal_rcc_ex.d" -MT"Drivers/STM32G4xx_HAL_Driver/Src/stm32g4xx_hal_rcc_ex.o" --specs=nano.specs -mfpu=fpv4-sp-d16 -mfloat-abi=hard -mthumb -o "Drivers/STM32G4xx_HAL_Driver/Src/stm32g4xx_hal_rcc_ex.o"
arm-none-eabi-gcc "../Drivers/STM32G4xx_HAL_Driver/Src/stm32g4xx_hal_tim.c" -mcpu=cortex-m4 -std=gnu11 -g3 -DSTM32G431xx -DUSE_HAL_DRIVER -DDEBUG -c -I../Core/Inc -I../Drivers/STM32G4xx_HAL_Driver/Inc -I../Drivers/STM32G4xx_HAL_Driver/Inc/Legacy -I../Drivers/CMSIS/Device/ST/STM32G4xx/Include -I../Drivers/CMSIS/Include -O0 -ffunction-sections -fdata-sections -Wall -fstack-usage -fcyclomatic-complexity -MMD -MP -MF"Drivers/STM32G4xx_HAL_Driver/Src/stm32g4xx_hal_tim.d" -MT"Drivers/STM32G4xx_HAL_Driver/Src/stm32g4xx_hal_tim.o" --specs=nano.specs -mfpu=fpv4-sp-d16 -mfloat-abi=hard -mthumb -o "Drivers/STM32G4xx_HAL_Driver/Src/stm32g4xx_hal_tim.o"
arm-none-eabi-gcc "../Drivers/STM32G4xx_HAL_Driver/Src/stm32g4xx_hal_tim_ex.c" -mcpu=cortex-m4 -std=gnu11 -g3 -DSTM32G431xx -DUSE_HAL_DRIVER -DDEBUG -c -I../Core/Inc -I../Drivers/STM32G4xx_HAL_Driver/Inc -I../Drivers/STM32G4xx_HAL_Driver/Inc/Legacy -I../Drivers/CMSIS/Device/ST/STM32G4xx/Include -I../Drivers/CMSIS/Include -O0 -ffunction-sections -fdata-sections -Wall -fstack-usage -fcyclomatic-complexity -MMD -MP -MF"Drivers/STM32G4xx_HAL_Driver/Src/stm32g4xx_hal_tim_ex.d" -MT"Drivers/STM32G4xx_HAL_Driver/Src/stm32g4xx_hal_tim_ex.o" --specs=nano.specs -mfpu=fpv4-sp-d16 -mfloat-abi=hard -mthumb -o "Drivers/STM32G4xx_HAL_Driver/Src/stm32g4xx_hal_tim_ex.o"
arm-none-eabi-gcc "../Drivers/STM32G4xx_HAL_Driver/Src/stm32g4xx_ll_adc.c" -mcpu=cortex-m4 -std=gnu11 -g3 -DSTM32G431xx -DUSE_HAL_DRIVER -DDEBUG -c -I../Core/Inc -I../Drivers/STM32G4xx_HAL_Driver/Inc -I../Drivers/STM32G4xx_HAL_Driver/Inc/Legacy -I../Drivers/CMSIS/Device/ST/STM32G4xx/Include -I../Drivers/CMSIS/Include -O0 -ffunction-sections -fdata-sections -Wall -fstack-usage -fcyclomatic-complexity -MMD -MP -MF"Drivers/STM32G4xx_HAL_Driver/Src/stm32g4xx_ll_adc.d" -MT"Drivers/STM32G4xx_HAL_Driver/Src/stm32g4xx_ll_adc.o" --specs=nano.specs -mfpu=fpv4-sp-d16 -mfloat-abi=hard -mthumb -o "Drivers/STM32G4xx_HAL_Driver/Src/stm32g4xx_ll_adc.o"
arm-none-eabi-gcc -mcpu=cortex-m4 -g3 -c -x assembler-with-cpp -MMD -MP -MF"Core/Startup/startup_stm32g431kbtx.d" -MT"Core/Startup/startup_stm32g431kbtx.o" --specs=nano.specs -mfpu=fpv4-sp-d16 -mfloat-abi=hard -mthumb -o "Core/Startup/startup_stm32g431kbtx.o" "../Core/Startup/startup_stm32g431kbtx.s"
arm-none-eabi-gcc "../Core/Src/main.c" -mcpu=cortex-m4 -std=gnu11 -g3 -DSTM32G431xx -DUSE_HAL_DRIVER -DDEBUG -c -I../Core/Inc -I../Drivers/STM32G4xx_HAL_Driver/Inc -I../Drivers/STM32G4xx_HAL_Driver/Inc/Legacy -I../Drivers/CMSIS/Device/ST/STM32G4xx/Include -I../Drivers/CMSIS/Include -O0 -ffunction-sections -fdata-sections -Wall -fstack-usage -fcyclomatic-complexity -MMD -MP -MF"Core/Src/main.d" -MT"Core/Src/main.o" --specs=nano.specs -mfpu=fpv4-sp-d16 -mfloat-abi=hard -mthumb -o "Core/Src/main.o"
arm-none-eabi-gcc "../Core/Src/stm32g4xx_hal_msp.c" -mcpu=cortex-m4 -std=gnu11 -g3 -DSTM32G431xx -DUSE_HAL_DRIVER -DDEBUG -c -I../Core/Inc -I../Drivers/STM32G4xx_HAL_Driver/Inc -I../Drivers/STM32G4xx_HAL_Driver/Inc/Legacy -I../Drivers/CMSIS/Device/ST/STM32G4xx/Include -I../Drivers/CMSIS/Include -O0 -ffunction-sections -fdata-sections -Wall -fstack-usage -fcyclomatic-complexity -MMD -MP -MF"Core/Src/stm32g4xx_hal_msp.d" -MT"Core/Src/stm32g4xx_hal_msp.o" --specs=nano.specs -mfpu=fpv4-sp-d16 -mfloat-abi=hard -mthumb -o "Core/Src/stm32g4xx_hal_msp.o"
arm-none-eabi-gcc "../Core/Src/stm32g4xx_it.c" -mcpu=cortex-m4 -std=gnu11 -g3 -DSTM32G431xx -DUSE_HAL_DRIVER -DDEBUG -c -I../Core/Inc -I../Drivers/STM32G4xx_HAL_Driver/Inc -I../Drivers/STM32G4xx_HAL_Driver/Inc/Legacy -I../Drivers/CMSIS/Device/ST/STM32G4xx/Include -I../Drivers/CMSIS/Include -O0 -ffunction-sections -fdata-sections -Wall -fstack-usage -fcyclomatic-complexity -MMD -MP -MF"Core/Src/stm32g4xx_it.d" -MT"Core/Src/stm32g4xx_it.o" --specs=nano.specs -mfpu=fpv4-sp-d16 -mfloat-abi=hard -mthumb -o "Core/Src/stm32g4xx_it.o"
arm-none-eabi-gcc "../Core/Src/syscalls.c" -mcpu=cortex-m4 -std=gnu11 -g3 -DSTM32G431xx -DUSE_HAL_DRIVER -DDEBUG -c -I../Core/Inc -I../Drivers/STM32G4xx_HAL_Driver/Inc -I../Drivers/STM32G4xx_HAL_Driver/Inc/Legacy -I../Drivers/CMSIS/Device/ST/STM32G4xx/Include -I../Drivers/CMSIS/Include -O0 -ffunction-sections -fdata-sections -Wall -fstack-usage -fcyclomatic-complexity -MMD -MP -MF"Core/Src/syscalls.d" -MT"Core/Src/syscalls.o" --specs=nano.specs -mfpu=fpv4-sp-d16 -mfloat-abi=hard -mthumb -o "Core/Src/syscalls.o"
arm-none-eabi-gcc "../Core/Src/sysmem.c" -mcpu=cortex-m4 -std=gnu11 -g3 -DSTM32G431xx -DUSE_HAL_DRIVER -DDEBUG -c -I../Core/Inc -I../Drivers/STM32G4xx_HAL_Driver/Inc -I../Drivers/STM32G4xx_HAL_Driver/Inc/Legacy -I../Drivers/CMSIS/Device/ST/STM32G4xx/Include -I../Drivers/CMSIS/Include -O0 -ffunction-sections -fdata-sections -Wall -fstack-usage -fcyclomatic-complexity -MMD -MP -MF"Core/Src/sysmem.d" -MT"Core/Src/sysmem.o" --specs=nano.specs -mfpu=fpv4-sp-d16 -mfloat-abi=hard -mthumb -o "Core/Src/sysmem.o"
arm-none-eabi-gcc "../Core/Src/system_stm32g4xx.c" -mcpu=cortex-m4 -std=gnu11 -g3 -DSTM32G431xx -DUSE_HAL_DRIVER -DDEBUG -c -I../Core/Inc -I../Drivers/STM32G4xx_HAL_Driver/Inc -I../Drivers/STM32G4xx_HAL_Driver/Inc/Legacy -I../Drivers/CMSIS/Device/ST/STM32G4xx/Include -I../Drivers/CMSIS/Include -O0 -ffunction-sections -fdata-sections -Wall -fstack-usage -fcyclomatic-complexity -MMD -MP -MF"Core/Src/system_stm32g4xx.d" -MT"Core/Src/system_stm32g4xx.o" --specs=nano.specs -mfpu=fpv4-sp-d16 -mfloat-abi=hard -mthumb -o "Core/Src/system_stm32g4xx.o"
../Core/Src/main.c: In function 'main':
../Core/Src/main.c:188:26: warning: format '%d' expects argument of type 'int', but argument 2 has type 'uint32_t' {aka 'long unsigned int'} [-Wformat=]
  188 |                 printf("%d,%.4f,%.3f\r\n", HAL_GetTick(), voltage_difference, current_amps);
      |                         ~^                 ~~~~~~~~~~~~~
      |                          |                 |
      |                          int               uint32_t {aka long unsigned int}
      |                         %ld
arm-none-eabi-gcc -o "MAG_SAT_firm_project.elf" @"objects.list"   -mcpu=cortex-m4 -T"C:\Users\hye071\Downloads\P4P_TMR\Firmware\TMR_MAGSAT\MAG_SAT_firm_project\STM32G431KBTX_FLASH.ld" --specs=nosys.specs -Wl,-Map="MAG_SAT_firm_project.map" -Wl,--gc-sections -static --specs=nano.specs -mfpu=fpv4-sp-d16 -mfloat-abi=hard -mthumb -u _printf_float -Wl,--start-group -lc -lm -Wl,--end-group
C:/ST/STM32CubeIDE_1.15.1/STM32CubeIDE/plugins/com.st.stm32cube.ide.mcu.externaltools.gnu-tools-for-stm32.12.3.rel1.win32_1.0.100.202403111256/tools/bin/../lib/gcc/arm-none-eabi/12.3.1/../../../../arm-none-eabi/bin/ld.exe: warning: MAG_SAT_firm_project.elf has a LOAD segment with RWX permissions
Finished building target: MAG_SAT_firm_project.elf
 
arm-none-eabi-size  MAG_SAT_firm_project.elf 
arm-none-eabi-objdump -h -S MAG_SAT_firm_project.elf  > "MAG_SAT_firm_project.list"
   text	   data	    bss	    dec	    hex	filename
  31284	    476	   2108	  33868	   844c	MAG_SAT_firm_project.elf
Finished building: default.size.stdout
 
Finished building: MAG_SAT_firm_project.list
 
18:38:28 **** Incremental Build of configuration Debug for project MAG_SAT_firm_project ****
make -j28 all 
arm-none-eabi-size  MAG_SAT_firm_project.elf 
   text	   data	    bss	    dec	    hex	filename
  31284	    476	   2108	  33868	   844c	MAG_SAT_firm_project.elf
Finished building: default.size.stdout
 
18:53:12 **** Incremental Build of configuration Debug for project MAG_SAT_firm_project ****
make -j28 all 
arm-none-eabi-size  MAG_SAT_firm_project.elf 
   text	   data	    bss	    dec	    hex	filename
  31284	    476	   2108	  33868	   844c	MAG_SAT_firm_project.elf
Finished building: default.size.stdout
 
19:02:58 **** Incremental Build of configuration Debug for project MAG_SAT_firm_project ****
make -j28 all 
arm-none-eabi-size  MAG_SAT_firm_project.elf 
   text	   data	    bss	    dec	    hex	filename
  31284	    476	   2108	  33868	   844c	MAG_SAT_firm_project.elf
Finished building: default.size.stdout
 
19:34:30 **** Incremental Build of configuration Debug for project MAG_SAT_firm_project ****
make -j28 all 
arm-none-eabi-size  MAG_SAT_firm_project.elf 
   text	   data	    bss	    dec	    hex	filename
  31284	    476	   2108	  33868	   844c	MAG_SAT_firm_project.elf
Finished building: default.size.stdout
 
19:38:46 **** Incremental Build of configuration Debug for project MAG_SAT_firm_project ****
make -j28 all 
arm-none-eabi-size  MAG_SAT_firm_project.elf 
   text	   data	    bss	    dec	    hex	filename
  31284	    476	   2108	  33868	   844c	MAG_SAT_firm_project.elf
Finished building: default.size.stdout
 
19:45:16 **** Incremental Build of configuration Debug for project MAG_SAT_firm_project ****
make -j28 all 
arm-none-eabi-size  MAG_SAT_firm_project.elf 
   text	   data	    bss	    dec	    hex	filename
  31284	    476	   2108	  33868	   844c	MAG_SAT_firm_project.elf
Finished building: default.size.stdout
 
20:40:20 **** Incremental Build of configuration Debug for project MAG_SAT_firm_project ****
make -j28 all 
arm-none-eabi-gcc "../Core/Src/main.c" -mcpu=cortex-m4 -std=gnu11 -g3 -DSTM32G431xx -DUSE_HAL_DRIVER -DDEBUG -c -I../Core/Inc -I../Drivers/STM32G4xx_HAL_Driver/Inc -I../Drivers/STM32G4xx_HAL_Driver/Inc/Legacy -I../Drivers/CMSIS/Device/ST/STM32G4xx/Include -I../Drivers/CMSIS/Include -O0 -ffunction-sections -fdata-sections -Wall -fstack-usage -fcyclomatic-complexity -MMD -MP -MF"Core/Src/main.d" -MT"Core/Src/main.o" --specs=nano.specs -mfpu=fpv4-sp-d16 -mfloat-abi=hard -mthumb -o "Core/Src/main.o"
arm-none-eabi-gcc -o "MAG_SAT_firm_project.elf" @"objects.list"   -mcpu=cortex-m4 -T"C:\Users\hye071\Downloads\P4P_TMR\Firmware\TMR_MAGSAT\MAG_SAT_firm_project\STM32G431KBTX_FLASH.ld" --specs=nosys.specs -Wl,-Map="MAG_SAT_firm_project.map" -Wl,--gc-sections -static --specs=nano.specs -mfpu=fpv4-sp-d16 -mfloat-abi=hard -mthumb -u _printf_float -Wl,--start-group -lc -lm -Wl,--end-group
C:/ST/STM32CubeIDE_1.15.1/STM32CubeIDE/plugins/com.st.stm32cube.ide.mcu.externaltools.gnu-tools-for-stm32.12.3.rel1.win32_1.0.100.202403111256/tools/bin/../lib/gcc/arm-none-eabi/12.3.1/../../../../arm-none-eabi/bin/ld.exe: warning: MAG_SAT_firm_project.elf has a LOAD segment with RWX permissions
Finished building target: MAG_SAT_firm_project.elf
 
arm-none-eabi-size  MAG_SAT_firm_project.elf 
arm-none-eabi-objdump -h -S MAG_SAT_firm_project.elf  > "MAG_SAT_firm_project.list"
   text	   data	    bss	    dec	    hex	filename
  31176	    476	   2108	  33760	   83e0	MAG_SAT_firm_project.elf
Finished building: default.size.stdout
 
Finished building: MAG_SAT_firm_project.list
 
21:03:33 **** Incremental Build of configuration Debug for project MAG_SAT_firm_project ****
make -j28 all 
arm-none-eabi-size  MAG_SAT_firm_project.elf 
   text	   data	    bss	    dec	    hex	filename
  31176	    476	   2108	  33760	   83e0	MAG_SAT_firm_project.elf
Finished building: default.size.stdout
 
21:06:19 **** Incremental Build of configuration Debug for project MAG_SAT_firm_project ****
make -j28 all 
arm-none-eabi-size  MAG_SAT_firm_project.elf 
   text	   data	    bss	    dec	    hex	filename
  31176	    476	   2108	  33760	   83e0	MAG_SAT_firm_project.elf
Finished building: default.size.stdout
 
12:33:07 **** Incremental Build of configuration Debug for project MAG_SAT_firm_project ****
make -j28 all 
arm-none-eabi-size  MAG_SAT_firm_project.elf 
   text	   data	    bss	    dec	    hex	filename
  31176	    476	   2108	  33760	   83e0	MAG_SAT_firm_project.elf
Finished building: default.size.stdout
 
13:16:02 **** Incremental Build of configuration Debug for project MAG_SAT_firm_project ****
make -j28 all 
arm-none-eabi-size  MAG_SAT_firm_project.elf 
   text	   data	    bss	    dec	    hex	filename
  31176	    476	   2108	  33760	   83e0	MAG_SAT_firm_project.elf
Finished building: default.size.stdout
 
13:16:49 **** Incremental Build of configuration Debug for project MAG_SAT_firm_project ****
make -j28 all 
arm-none-eabi-size  MAG_SAT_firm_project.elf 
   text	   data	    bss	    dec	    hex	filename
  31176	    476	   2108	  33760	   83e0	MAG_SAT_firm_project.elf
Finished building: default.size.stdout
 
14:25:12 **** Incremental Build of configuration Debug for project MAG_SAT_firm_project ****
make -j28 all 
arm-none-eabi-size  MAG_SAT_firm_project.elf 
   text	   data	    bss	    dec	    hex	filename
  31176	    476	   2108	  33760	   83e0	MAG_SAT_firm_project.elf
Finished building: default.size.stdout
 
14:25:21 **** Incremental Build of configuration Debug for project MAG_SAT_firm_project ****
make -j28 all 
arm-none-eabi-size  MAG_SAT_firm_project.elf 
   text	   data	    bss	    dec	    hex	filename
  31176	    476	   2108	  33760	   83e0	MAG_SAT_firm_project.elf
Finished building: default.size.stdout
 
14:25:44 **** Incremental Build of configuration Debug for project MAG_SAT_firm_project ****
make -j28 all 
arm-none-eabi-size  MAG_SAT_firm_project.elf 
   text	   data	    bss	    dec	    hex	filename
  31176	    476	   2108	  33760	   83e0	MAG_SAT_firm_project.elf
Finished building: default.size.stdout
 
14:25:47 **** Incremental Build of configuration Debug for project MAG_SAT_firm_project ****
make -j28 all 
arm-none-eabi-size  MAG_SAT_firm_project.elf 
   text	   data	    bss	    dec	    hex	filename
  31176	    476	   2108	  33760	   83e0	MAG_SAT_firm_project.elf
Finished building: default.size.stdout
 
14:25:58 **** Incremental Build of configuration Debug for project MAG_SAT_firm_project ****
make -j28 all 
arm-none-eabi-size  MAG_SAT_firm_project.elf 
   text	   data	    bss	    dec	    hex	filename
  31176	    476	   2108	  33760	   83e0	MAG_SAT_firm_project.elf
Finished building: default.size.stdout
 
14:26:28 **** Incremental Build of configuration Debug for project MAG_SAT_firm_project ****
make -j28 all 
arm-none-eabi-size  MAG_SAT_firm_project.elf 
   text	   data	    bss	    dec	    hex	filename
  31176	    476	   2108	  33760	   83e0	MAG_SAT_firm_project.elf
Finished building: default.size.stdout
 
18:02:45 **** Incremental Build of configuration Debug for project MAG_SAT_firm_project ****
make -j28 all 
arm-none-eabi-size  MAG_SAT_firm_project.elf 
   text	   data	    bss	    dec	    hex	filename
  31176	    476	   2108	  33760	   83e0	MAG_SAT_firm_project.elf
Finished building: default.size.stdout
 
18:04:23 **** Incremental Build of configuration Debug for project MAG_SAT_firm_project ****
make -j28 all 
arm-none-eabi-size  MAG_SAT_firm_project.elf 
   text	   data	    bss	    dec	    hex	filename
  31176	    476	   2108	  33760	   83e0	MAG_SAT_firm_project.elf
Finished building: default.size.stdout
 
18:05:43 **** Incremental Build of configuration Debug for project MAG_SAT_firm_project ****
make -j28 all 
arm-none-eabi-size  MAG_SAT_firm_project.elf 
   text	   data	    bss	    dec	    hex	filename
  31176	    476	   2108	  33760	   83e0	MAG_SAT_firm_project.elf
Finished building: default.size.stdout
 
18:51:46 **** Incremental Build of configuration Debug for project MAG_SAT_firm_project ****
make -j28 all 
arm-none-eabi-size  MAG_SAT_firm_project.elf 
   text	   data	    bss	    dec	    hex	filename
  31176	    476	   2108	  33760	   83e0	MAG_SAT_firm_project.elf
Finished building: default.size.stdout
 
18:52:28 **** Incremental Build of configuration Debug for project MAG_SAT_firm_project ****
make -j28 all 
arm-none-eabi-size  MAG_SAT_firm_project.elf 
   text	   data	    bss	    dec	    hex	filename
  31176	    476	   2108	  33760	   83e0	MAG_SAT_firm_project.elf
Finished building: default.size.stdout
 
18:53:17 **** Incremental Build of configuration Debug for project MAG_SAT_firm_project ****
make -j28 all 
arm-none-eabi-size  MAG_SAT_firm_project.elf 
   text	   data	    bss	    dec	    hex	filename
  31176	    476	   2108	  33760	   83e0	MAG_SAT_firm_project.elf
Finished building: default.size.stdout
 
18:53:35 **** Incremental Build of configuration Debug for project MAG_SAT_firm_project ****
make -j28 all 
arm-none-eabi-size  MAG_SAT_firm_project.elf 
   text	   data	    bss	    dec	    hex	filename
  31176	    476	   2108	  33760	   83e0	MAG_SAT_firm_project.elf
Finished building: default.size.stdout
 
18:54:54 **** Incremental Build of configuration Debug for project MAG_SAT_firm_project ****
make -j28 all 
arm-none-eabi-size  MAG_SAT_firm_project.elf 
   text	   data	    bss	    dec	    hex	filename
  31176	    476	   2108	  33760	   83e0	MAG_SAT_firm_project.elf
Finished building: default.size.stdout
 
18:57:02 **** Incremental Build of configuration Debug for project MAG_SAT_firm_project ****
make -j28 all 
arm-none-eabi-size  MAG_SAT_firm_project.elf 
   text	   data	    bss	    dec	    hex	filename
  31176	    476	   2108	  33760	   83e0	MAG_SAT_firm_project.elf
Finished building: default.size.stdout
 
17:30:27 **** Incremental Build of configuration Debug for project MAG_SAT_firm_project ****
make -j28 all 
arm-none-eabi-size  MAG_SAT_firm_project.elf 
   text	   data	    bss	    dec	    hex	filename
  31176	    476	   2108	  33760	   83e0	MAG_SAT_firm_project.elf
Finished building: default.size.stdout
 
17:31:27 **** Incremental Build of configuration Debug for project MAG_SAT_firm_project ****
make -j28 all 
arm-none-eabi-size  MAG_SAT_firm_project.elf 
   text	   data	    bss	    dec	    hex	filename
  31176	    476	   2108	  33760	   83e0	MAG_SAT_firm_project.elf
Finished building: default.size.stdout
 
17:35:41 **** Incremental Build of configuration Debug for project MAG_SAT_firm_project ****
make -j28 all 
arm-none-eabi-size  MAG_SAT_firm_project.elf 
   text	   data	    bss	    dec	    hex	filename
  31176	    476	   2108	  33760	   83e0	MAG_SAT_firm_project.elf
Finished building: default.size.stdout
 
17:35:47 **** Incremental Build of configuration Debug for project MAG_SAT_firm_project ****
make -j28 all 
arm-none-eabi-size  MAG_SAT_firm_project.elf 
   text	   data	    bss	    dec	    hex	filename
  31176	    476	   2108	  33760	   83e0	MAG_SAT_firm_project.elf
Finished building: default.size.stdout
 
17:43:52 **** Incremental Build of configuration Debug for project MAG_SAT_firm_project ****
make -j28 all 
arm-none-eabi-size  MAG_SAT_firm_project.elf 
   text	   data	    bss	    dec	    hex	filename
  31176	    476	   2108	  33760	   83e0	MAG_SAT_firm_project.elf
Finished building: default.size.stdout
 
17:44:06 **** Incremental Build of configuration Debug for project MAG_SAT_firm_project ****
make -j28 all 
arm-none-eabi-size  MAG_SAT_firm_project.elf 
   text	   data	    bss	    dec	    hex	filename
  31176	    476	   2108	  33760	   83e0	MAG_SAT_firm_project.elf
Finished building: default.size.stdout
 
17:46:41 **** Incremental Build of configuration Debug for project MAG_SAT_firm_project ****
make -j28 all 
arm-none-eabi-size  MAG_SAT_firm_project.elf 
   text	   data	    bss	    dec	    hex	filename
  31176	    476	   2108	  33760	   83e0	MAG_SAT_firm_project.elf
Finished building: default.size.stdout
 
17:47:03 **** Incremental Build of configuration Debug for project MAG_SAT_firm_project ****
make -j28 all 
arm-none-eabi-size  MAG_SAT_firm_project.elf 
   text	   data	    bss	    dec	    hex	filename
  31176	    476	   2108	  33760	   83e0	MAG_SAT_firm_project.elf
Finished building: default.size.stdout
 
17:47:05 **** Incremental Build of configuration Debug for project MAG_SAT_firm_project ****
make -j28 all 
arm-none-eabi-size  MAG_SAT_firm_project.elf 
   text	   data	    bss	    dec	    hex	filename
  31176	    476	   2108	  33760	   83e0	MAG_SAT_firm_project.elf
Finished building: default.size.stdout
 
17:48:04 **** Incremental Build of configuration Debug for project MAG_SAT_firm_project ****
make -j28 all 
arm-none-eabi-size  MAG_SAT_firm_project.elf 
   text	   data	    bss	    dec	    hex	filename
  31176	    476	   2108	  33760	   83e0	MAG_SAT_firm_project.elf
Finished building: default.size.stdout
 
17:48:20 **** Incremental Build of configuration Debug for project MAG_SAT_firm_project ****
make -j28 all 
arm-none-eabi-size  MAG_SAT_firm_project.elf 
   text	   data	    bss	    dec	    hex	filename
  31176	    476	   2108	  33760	   83e0	MAG_SAT_firm_project.elf
Finished building: default.size.stdout
 
17:48:41 **** Incremental Build of configuration Debug for project MAG_SAT_firm_project ****
make -j28 all 
arm-none-eabi-size  MAG_SAT_firm_project.elf 
   text	   data	    bss	    dec	    hex	filename
  31176	    476	   2108	  33760	   83e0	MAG_SAT_firm_project.elf
Finished building: default.size.stdout
 
17:49:07 **** Incremental Build of configuration Debug for project MAG_SAT_firm_project ****
make -j28 all 
arm-none-eabi-size  MAG_SAT_firm_project.elf 
   text	   data	    bss	    dec	    hex	filename
  31176	    476	   2108	  33760	   83e0	MAG_SAT_firm_project.elf
Finished building: default.size.stdout
 
17:50:21 **** Incremental Build of configuration Debug for project MAG_SAT_firm_project ****
make -j28 all 
arm-none-eabi-size  MAG_SAT_firm_project.elf 
   text	   data	    bss	    dec	    hex	filename
  31176	    476	   2108	  33760	   83e0	MAG_SAT_firm_project.elf
Finished building: default.size.stdout
 
17:51:00 **** Incremental Build of configuration Debug for project MAG_SAT_firm_project ****
make -j28 all 
arm-none-eabi-size  MAG_SAT_firm_project.elf 
   text	   data	    bss	    dec	    hex	filename
  31176	    476	   2108	  33760	   83e0	MAG_SAT_firm_project.elf
Finished building: default.size.stdout
 
17:58:33 **** Incremental Build of configuration Debug for project MAG_SAT_firm_project ****
make -j28 all 
arm-none-eabi-size  MAG_SAT_firm_project.elf 
   text	   data	    bss	    dec	    hex	filename
  31176	    476	   2108	  33760	   83e0	MAG_SAT_firm_project.elf
Finished building: default.size.stdout
 
18:51:26 **** Incremental Build of configuration Debug for project MAG_SAT_firm_project ****
make -j28 all 
arm-none-eabi-size  MAG_SAT_firm_project.elf 
   text	   data	    bss	    dec	    hex	filename
  31176	    476	   2108	  33760	   83e0	MAG_SAT_firm_project.elf
Finished building: default.size.stdout
 
18:51:33 **** Incremental Build of configuration Debug for project MAG_SAT_firm_project ****
make -j28 all 
arm-none-eabi-size  MAG_SAT_firm_project.elf 
   text	   data	    bss	    dec	    hex	filename
  31176	    476	   2108	  33760	   83e0	MAG_SAT_firm_project.elf
Finished building: default.size.stdout
 
18:51:46 **** Incremental Build of configuration Debug for project MAG_SAT_firm_project ****
make -j28 all 
arm-none-eabi-size  MAG_SAT_firm_project.elf 
   text	   data	    bss	    dec	    hex	filename
  31176	    476	   2108	  33760	   83e0	MAG_SAT_firm_project.elf
Finished building: default.size.stdout
 
18:52:04 **** Incremental Build of configuration Debug for project MAG_SAT_firm_project ****
make -j28 all 
arm-none-eabi-size  MAG_SAT_firm_project.elf 
   text	   data	    bss	    dec	    hex	filename
  31176	    476	   2108	  33760	   83e0	MAG_SAT_firm_project.elf
Finished building: default.size.stdout
 
18:54:42 **** Incremental Build of configuration Debug for project MAG_SAT_firm_project ****
make -j28 all 
arm-none-eabi-size  MAG_SAT_firm_project.elf 
   text	   data	    bss	    dec	    hex	filename
  31176	    476	   2108	  33760	   83e0	MAG_SAT_firm_project.elf
Finished building: default.size.stdout
 
18:55:53 **** Incremental Build of configuration Debug for project MAG_SAT_firm_project ****
make -j28 all 
arm-none-eabi-size  MAG_SAT_firm_project.elf 
   text	   data	    bss	    dec	    hex	filename
  31176	    476	   2108	  33760	   83e0	MAG_SAT_firm_project.elf
Finished building: default.size.stdout
 
18:56:17 **** Incremental Build of configuration Debug for project MAG_SAT_firm_project ****
make -j28 all 
arm-none-eabi-size  MAG_SAT_firm_project.elf 
   text	   data	    bss	    dec	    hex	filename
  31176	    476	   2108	  33760	   83e0	MAG_SAT_firm_project.elf
Finished building: default.size.stdout
 
19:06:19 **** Incremental Build of configuration Debug for project MAG_SAT_firm_project ****
make -j28 all 
arm-none-eabi-size  MAG_SAT_firm_project.elf 
   text	   data	    bss	    dec	    hex	filename
  31176	    476	   2108	  33760	   83e0	MAG_SAT_firm_project.elf
Finished building: default.size.stdout
 
19:19:33 **** Incremental Build of configuration Debug for project MAG_SAT_firm_project ****
make -j28 all 
arm-none-eabi-size  MAG_SAT_firm_project.elf 
   text	   data	    bss	    dec	    hex	filename
  31176	    476	   2108	  33760	   83e0	MAG_SAT_firm_project.elf
Finished building: default.size.stdout
 
15:53:59 **** Incremental Build of configuration Debug for project MAG_SAT_firm_project ****
make -j28 all 
arm-none-eabi-size  MAG_SAT_firm_project.elf 
   text	   data	    bss	    dec	    hex	filename
  31176	    476	   2108	  33760	   83e0	MAG_SAT_firm_project.elf
Finished building: default.size.stdout
 
16:10:01 **** Incremental Build of configuration Debug for project MAG_SAT_firm_project ****
make -j28 all 
arm-none-eabi-size  MAG_SAT_firm_project.elf 
   text	   data	    bss	    dec	    hex	filename
  31176	    476	   2108	  33760	   83e0	MAG_SAT_firm_project.elf
Finished building: default.size.stdout
 
16:10:15 **** Incremental Build of configuration Debug for project MAG_SAT_firm_project ****
make -j28 all 
arm-none-eabi-size  MAG_SAT_firm_project.elf 
   text	   data	    bss	    dec	    hex	filename
  31176	    476	   2108	  33760	   83e0	MAG_SAT_firm_project.elf
Finished building: default.size.stdout
 
16:10:40 **** Incremental Build of configuration Debug for project MAG_SAT_firm_project ****
make -j28 all 
arm-none-eabi-size  MAG_SAT_firm_project.elf 
   text	   data	    bss	    dec	    hex	filename
  31176	    476	   2108	  33760	   83e0	MAG_SAT_firm_project.elf
Finished building: default.size.stdout
 
16:11:09 **** Incremental Build of configuration Debug for project MAG_SAT_firm_project ****
make -j28 all 
arm-none-eabi-size  MAG_SAT_firm_project.elf 
   text	   data	    bss	    dec	    hex	filename
  31176	    476	   2108	  33760	   83e0	MAG_SAT_firm_project.elf
Finished building: default.size.stdout
 
16:11:44 **** Incremental Build of configuration Debug for project MAG_SAT_firm_project ****
make -j28 all 
arm-none-eabi-size  MAG_SAT_firm_project.elf 
   text	   data	    bss	    dec	    hex	filename
  31176	    476	   2108	  33760	   83e0	MAG_SAT_firm_project.elf
Finished building: default.size.stdout
 
16:12:26 **** Incremental Build of configuration Debug for project MAG_SAT_firm_project ****
make -j28 all 
arm-none-eabi-size  MAG_SAT_firm_project.elf 
   text	   data	    bss	    dec	    hex	filename
  31176	    476	   2108	  33760	   83e0	MAG_SAT_firm_project.elf
Finished building: default.size.stdout
 
16:36:46 **** Incremental Build of configuration Debug for project MAG_SAT_firm_project ****
make -j28 all 
arm-none-eabi-size  MAG_SAT_firm_project.elf 
   text	   data	    bss	    dec	    hex	filename
  31176	    476	   2108	  33760	   83e0	MAG_SAT_firm_project.elf
Finished building: default.size.stdout
 
16:54:52 **** Incremental Build of configuration Debug for project MAG_SAT_firm_project ****
make -j28 all 
arm-none-eabi-size  MAG_SAT_firm_project.elf 
   text	   data	    bss	    dec	    hex	filename
  31176	    476	   2108	  33760	   83e0	MAG_SAT_firm_project.elf
Finished building: default.size.stdout
 
17:04:15 **** Incremental Build of configuration Debug for project MAG_SAT_firm_project ****
make -j28 all 
arm-none-eabi-size  MAG_SAT_firm_project.elf 
   text	   data	    bss	    dec	    hex	filename
  31176	    476	   2108	  33760	   83e0	MAG_SAT_firm_project.elf
Finished building: default.size.stdout
 
17:05:56 **** Incremental Build of configuration Debug for project MAG_SAT_firm_project ****
make -j28 all 
arm-none-eabi-size  MAG_SAT_firm_project.elf 
   text	   data	    bss	    dec	    hex	filename
  31176	    476	   2108	  33760	   83e0	MAG_SAT_firm_project.elf
Finished building: default.size.stdout
 
17:18:55 **** Incremental Build of configuration Debug for project MAG_SAT_firm_project ****
make -j28 all 
arm-none-eabi-size  MAG_SAT_firm_project.elf 
   text	   data	    bss	    dec	    hex	filename
  31176	    476	   2108	  33760	   83e0	MAG_SAT_firm_project.elf
Finished building: default.size.stdout
 
17:24:50 **** Incremental Build of configuration Debug for project MAG_SAT_firm_project ****
make -j28 all 
arm-none-eabi-size  MAG_SAT_firm_project.elf 
   text	   data	    bss	    dec	    hex	filename
  31176	    476	   2108	  33760	   83e0	MAG_SAT_firm_project.elf
Finished building: default.size.stdout
 
17:25:02 **** Incremental Build of configuration Debug for project MAG_SAT_firm_project ****
make -j28 all 
arm-none-eabi-size  MAG_SAT_firm_project.elf 
   text	   data	    bss	    dec	    hex	filename
  31176	    476	   2108	  33760	   83e0	MAG_SAT_firm_project.elf
Finished building: default.size.stdout
 
17:28:52 **** Incremental Build of configuration Debug for project MAG_SAT_firm_project ****
make -j28 all 
arm-none-eabi-size  MAG_SAT_firm_project.elf 
   text	   data	    bss	    dec	    hex	filename
  31176	    476	   2108	  33760	   83e0	MAG_SAT_firm_project.elf
Finished building: default.size.stdout
 
17:47:22 **** Incremental Build of configuration Debug for project MAG_SAT_firm_project ****
make -j28 all 
arm-none-eabi-size  MAG_SAT_firm_project.elf 
   text	   data	    bss	    dec	    hex	filename
  31176	    476	   2108	  33760	   83e0	MAG_SAT_firm_project.elf
Finished building: default.size.stdout
 
17:54:53 **** Incremental Build of configuration Debug for project MAG_SAT_firm_project ****
make -j28 all 
arm-none-eabi-size  MAG_SAT_firm_project.elf 
   text	   data	    bss	    dec	    hex	filename
  31176	    476	   2108	  33760	   83e0	MAG_SAT_firm_project.elf
Finished building: default.size.stdout
 
18:01:39 **** Incremental Build of configuration Debug for project MAG_SAT_firm_project ****
make -j28 all 
arm-none-eabi-size  MAG_SAT_firm_project.elf 
   text	   data	    bss	    dec	    hex	filename
  31176	    476	   2108	  33760	   83e0	MAG_SAT_firm_project.elf
Finished building: default.size.stdout
 
18:01:50 **** Incremental Build of configuration Debug for project MAG_SAT_firm_project ****
make -j28 all 
arm-none-eabi-size  MAG_SAT_firm_project.elf 
   text	   data	    bss	    dec	    hex	filename
  31176	    476	   2108	  33760	   83e0	MAG_SAT_firm_project.elf
Finished building: default.size.stdout
 
18:06:12 **** Incremental Build of configuration Debug for project MAG_SAT_firm_project ****
make -j28 all 
arm-none-eabi-size  MAG_SAT_firm_project.elf 
   text	   data	    bss	    dec	    hex	filename
  31176	    476	   2108	  33760	   83e0	MAG_SAT_firm_project.elf
Finished building: default.size.stdout
 
18:15:55 **** Incremental Build of configuration Debug for project MAG_SAT_firm_project ****
make -j28 all 
arm-none-eabi-size  MAG_SAT_firm_project.elf 
   text	   data	    bss	    dec	    hex	filename
  31176	    476	   2108	  33760	   83e0	MAG_SAT_firm_project.elf
Finished building: default.size.stdout
 
18:20:09 **** Incremental Build of configuration Debug for project MAG_SAT_firm_project ****
make -j28 all 
arm-none-eabi-size  MAG_SAT_firm_project.elf 
   text	   data	    bss	    dec	    hex	filename
  31176	    476	   2108	  33760	   83e0	MAG_SAT_firm_project.elf
Finished building: default.size.stdout
 
18:20:56 **** Incremental Build of configuration Debug for project MAG_SAT_firm_project ****
make -j28 all 
arm-none-eabi-size  MAG_SAT_firm_project.elf 
   text	   data	    bss	    dec	    hex	filename
  31176	    476	   2108	  33760	   83e0	MAG_SAT_firm_project.elf
Finished building: default.size.stdout
 
18:36:37 **** Incremental Build of configuration Debug for project MAG_SAT_firm_project ****
make -j28 all 
arm-none-eabi-size  MAG_SAT_firm_project.elf 
   text	   data	    bss	    dec	    hex	filename
  31176	    476	   2108	  33760	   83e0	MAG_SAT_firm_project.elf
Finished building: default.size.stdout
 
18:45:26 **** Incremental Build of configuration Debug for project MAG_SAT_firm_project ****
make -j28 all 
arm-none-eabi-size  MAG_SAT_firm_project.elf 
   text	   data	    bss	    dec	    hex	filename
  31176	    476	   2108	  33760	   83e0	MAG_SAT_firm_project.elf
Finished building: default.size.stdout
 
18:51:28 **** Incremental Build of configuration Debug for project MAG_SAT_firm_project ****
make -j28 all 
arm-none-eabi-size  MAG_SAT_firm_project.elf 
   text	   data	    bss	    dec	    hex	filename
  31176	    476	   2108	  33760	   83e0	MAG_SAT_firm_project.elf
Finished building: default.size.stdout
 
18:59:09 **** Incremental Build of configuration Debug for project MAG_SAT_firm_project ****
make -j28 all 
arm-none-eabi-size  MAG_SAT_firm_project.elf 
   text	   data	    bss	    dec	    hex	filename
  31176	    476	   2108	  33760	   83e0	MAG_SAT_firm_project.elf
Finished building: default.size.stdout
 
19:04:13 **** Incremental Build of configuration Debug for project MAG_SAT_firm_project ****
make -j28 all 
arm-none-eabi-size  MAG_SAT_firm_project.elf 
   text	   data	    bss	    dec	    hex	filename
  31176	    476	   2108	  33760	   83e0	MAG_SAT_firm_project.elf
Finished building: default.size.stdout
 
19:04:31 **** Incremental Build of configuration Debug for project MAG_SAT_firm_project ****
make -j28 all 
arm-none-eabi-size  MAG_SAT_firm_project.elf 
   text	   data	    bss	    dec	    hex	filename
  31176	    476	   2108	  33760	   83e0	MAG_SAT_firm_project.elf
Finished building: default.size.stdout
 
19:04:43 **** Incremental Build of configuration Debug for project MAG_SAT_firm_project ****
make -j28 all 
arm-none-eabi-size  MAG_SAT_firm_project.elf 
   text	   data	    bss	    dec	    hex	filename
  31176	    476	   2108	  33760	   83e0	MAG_SAT_firm_project.elf
Finished building: default.size.stdout
 
19:10:01 **** Incremental Build of configuration Debug for project MAG_SAT_firm_project ****
make -j28 all 
arm-none-eabi-size  MAG_SAT_firm_project.elf 
   text	   data	    bss	    dec	    hex	filename
  31176	    476	   2108	  33760	   83e0	MAG_SAT_firm_project.elf
Finished building: default.size.stdout
 
19:17:40 **** Incremental Build of configuration Debug for project MAG_SAT_firm_project ****
make -j28 all 
arm-none-eabi-size  MAG_SAT_firm_project.elf 
   text	   data	    bss	    dec	    hex	filename
  31176	    476	   2108	  33760	   83e0	MAG_SAT_firm_project.elf
Finished building: default.size.stdout
 
15:31:05 **** Incremental Build of configuration Debug for project MAG_SAT_firm_project ****
make -j28 all 
arm-none-eabi-size  MAG_SAT_firm_project.elf 
   text	   data	    bss	    dec	    hex	filename
  31176	    476	   2108	  33760	   83e0	MAG_SAT_firm_project.elf
Finished building: default.size.stdout
 
15:31:50 **** Incremental Build of configuration Debug for project MAG_SAT_firm_project ****
make -j28 all 
arm-none-eabi-size  MAG_SAT_firm_project.elf 
   text	   data	    bss	    dec	    hex	filename
  31176	    476	   2108	  33760	   83e0	MAG_SAT_firm_project.elf
Finished building: default.size.stdout
 
15:32:35 **** Incremental Build of configuration Debug for project MAG_SAT_firm_project ****
make -j28 all 
arm-none-eabi-size  MAG_SAT_firm_project.elf 
   text	   data	    bss	    dec	    hex	filename
  31176	    476	   2108	  33760	   83e0	MAG_SAT_firm_project.elf
Finished building: default.size.stdout
 
15:33:31 **** Incremental Build of configuration Debug for project MAG_SAT_firm_project ****
make -j28 all 
arm-none-eabi-size  MAG_SAT_firm_project.elf 
   text	   data	    bss	    dec	    hex	filename
  31176	    476	   2108	  33760	   83e0	MAG_SAT_firm_project.elf
Finished building: default.size.stdout
 
15:33:40 **** Incremental Build of configuration Debug for project MAG_SAT_firm_project ****
make -j28 all 
arm-none-eabi-size  MAG_SAT_firm_project.elf 
   text	   data	    bss	    dec	    hex	filename
  31176	    476	   2108	  33760	   83e0	MAG_SAT_firm_project.elf
Finished building: default.size.stdout
 
15:34:01 **** Incremental Build of configuration Debug for project MAG_SAT_firm_project ****
make -j28 all 
arm-none-eabi-size  MAG_SAT_firm_project.elf 
   text	   data	    bss	    dec	    hex	filename
  31176	    476	   2108	  33760	   83e0	MAG_SAT_firm_project.elf
Finished building: default.size.stdout
 
15:34:13 **** Incremental Build of configuration Debug for project MAG_SAT_firm_project ****
make -j28 all 
arm-none-eabi-size  MAG_SAT_firm_project.elf 
   text	   data	    bss	    dec	    hex	filename
  31176	    476	   2108	  33760	   83e0	MAG_SAT_firm_project.elf
Finished building: default.size.stdout
 
15:34:36 **** Incremental Build of configuration Debug for project MAG_SAT_firm_project ****
make -j28 all 
arm-none-eabi-size  MAG_SAT_firm_project.elf 
   text	   data	    bss	    dec	    hex	filename
  31176	    476	   2108	  33760	   83e0	MAG_SAT_firm_project.elf
Finished building: default.size.stdout
 
15:34:42 **** Incremental Build of configuration Debug for project MAG_SAT_firm_project ****
make -j28 all 
arm-none-eabi-size  MAG_SAT_firm_project.elf 
   text	   data	    bss	    dec	    hex	filename
  31176	    476	   2108	  33760	   83e0	MAG_SAT_firm_project.elf
Finished building: default.size.stdout
 
15:34:59 **** Incremental Build of configuration Debug for project MAG_SAT_firm_project ****
make -j28 all 
arm-none-eabi-size  MAG_SAT_firm_project.elf 
   text	   data	    bss	    dec	    hex	filename
  31176	    476	   2108	  33760	   83e0	MAG_SAT_firm_project.elf
Finished building: default.size.stdout
 
15:41:37 **** Incremental Build of configuration Debug for project MAG_SAT_firm_project ****
make -j28 all 
arm-none-eabi-size  MAG_SAT_firm_project.elf 
   text	   data	    bss	    dec	    hex	filename
  31176	    476	   2108	  33760	   83e0	MAG_SAT_firm_project.elf
Finished building: default.size.stdout
 
15:44:58 **** Incremental Build of configuration Debug for project MAG_SAT_firm_project ****
make -j28 all 
arm-none-eabi-size  MAG_SAT_firm_project.elf 
   text	   data	    bss	    dec	    hex	filename
  31176	    476	   2108	  33760	   83e0	MAG_SAT_firm_project.elf
Finished building: default.size.stdout
 
15:47:38 **** Incremental Build of configuration Debug for project MAG_SAT_firm_project ****
make -j28 all 
arm-none-eabi-size  MAG_SAT_firm_project.elf 
   text	   data	    bss	    dec	    hex	filename
  31176	    476	   2108	  33760	   83e0	MAG_SAT_firm_project.elf
Finished building: default.size.stdout
 
15:48:26 **** Incremental Build of configuration Debug for project MAG_SAT_firm_project ****
make -j28 all 
arm-none-eabi-size  MAG_SAT_firm_project.elf 
   text	   data	    bss	    dec	    hex	filename
  31176	    476	   2108	  33760	   83e0	MAG_SAT_firm_project.elf
Finished building: default.size.stdout
 
15:48:44 **** Incremental Build of configuration Debug for project MAG_SAT_firm_project ****
make -j28 all 
arm-none-eabi-size  MAG_SAT_firm_project.elf 
   text	   data	    bss	    dec	    hex	filename
  31176	    476	   2108	  33760	   83e0	MAG_SAT_firm_project.elf
Finished building: default.size.stdout
 
15:48:56 **** Incremental Build of configuration Debug for project MAG_SAT_firm_project ****
make -j28 all 
arm-none-eabi-size  MAG_SAT_firm_project.elf 
   text	   data	    bss	    dec	    hex	filename
  31176	    476	   2108	  33760	   83e0	MAG_SAT_firm_project.elf
Finished building: default.size.stdout
 
15:50:09 **** Incremental Build of configuration Debug for project MAG_SAT_firm_project ****
make -j28 all 
arm-none-eabi-size  MAG_SAT_firm_project.elf 
   text	   data	    bss	    dec	    hex	filename
  31176	    476	   2108	  33760	   83e0	MAG_SAT_firm_project.elf
Finished building: default.size.stdout
 
16:08:12 **** Incremental Build of configuration Debug for project MAG_SAT_firm_project ****
make -j28 all 
arm-none-eabi-size  MAG_SAT_firm_project.elf 
   text	   data	    bss	    dec	    hex	filename
  31176	    476	   2108	  33760	   83e0	MAG_SAT_firm_project.elf
Finished building: default.size.stdout
 
16:16:04 **** Incremental Build of configuration Debug for project MAG_SAT_firm_project ****
make -j28 all 
arm-none-eabi-size  MAG_SAT_firm_project.elf 
   text	   data	    bss	    dec	    hex	filename
  31176	    476	   2108	  33760	   83e0	MAG_SAT_firm_project.elf
Finished building: default.size.stdout
 
16:26:09 **** Incremental Build of configuration Debug for project MAG_SAT_firm_project ****
make -j28 all 
arm-none-eabi-size  MAG_SAT_firm_project.elf 
   text	   data	    bss	    dec	    hex	filename
  31176	    476	   2108	  33760	   83e0	MAG_SAT_firm_project.elf
Finished building: default.size.stdout
 
16:26:24 **** Incremental Build of configuration Debug for project MAG_SAT_firm_project ****
make -j28 all 
arm-none-eabi-size  MAG_SAT_firm_project.elf 
   text	   data	    bss	    dec	    hex	filename
  31176	    476	   2108	  33760	   83e0	MAG_SAT_firm_project.elf
Finished building: default.size.stdout
 
16:34:27 **** Incremental Build of configuration Debug for project MAG_SAT_firm_project ****
make -j28 all 
arm-none-eabi-size  MAG_SAT_firm_project.elf 
   text	   data	    bss	    dec	    hex	filename
  31176	    476	   2108	  33760	   83e0	MAG_SAT_firm_project.elf
Finished building: default.size.stdout
 
16:35:37 **** Incremental Build of configuration Debug for project MAG_SAT_firm_project ****
make -j28 all 
arm-none-eabi-size  MAG_SAT_firm_project.elf 
   text	   data	    bss	    dec	    hex	filename
  31176	    476	   2108	  33760	   83e0	MAG_SAT_firm_project.elf
Finished building: default.size.stdout
 
16:36:11 **** Incremental Build of configuration Debug for project MAG_SAT_firm_project ****
make -j28 all 
arm-none-eabi-size  MAG_SAT_firm_project.elf 
   text	   data	    bss	    dec	    hex	filename
  31176	    476	   2108	  33760	   83e0	MAG_SAT_firm_project.elf
Finished building: default.size.stdout
 
16:48:40 **** Incremental Build of configuration Debug for project MAG_SAT_firm_project ****
make -j28 all 
arm-none-eabi-size  MAG_SAT_firm_project.elf 
   text	   data	    bss	    dec	    hex	filename
  31176	    476	   2108	  33760	   83e0	MAG_SAT_firm_project.elf
Finished building: default.size.stdout
 
16:50:35 **** Incremental Build of configuration Debug for project MAG_SAT_firm_project ****
make -j28 all 
arm-none-eabi-size  MAG_SAT_firm_project.elf 
   text	   data	    bss	    dec	    hex	filename
  31176	    476	   2108	  33760	   83e0	MAG_SAT_firm_project.elf
Finished building: default.size.stdout
 
16:50:43 **** Incremental Build of configuration Debug for project MAG_SAT_firm_project ****
make -j28 all 
arm-none-eabi-size  MAG_SAT_firm_project.elf 
   text	   data	    bss	    dec	    hex	filename
  31176	    476	   2108	  33760	   83e0	MAG_SAT_firm_project.elf
Finished building: default.size.stdout
 
16:50:52 **** Incremental Build of configuration Debug for project MAG_SAT_firm_project ****
make -j28 all 
arm-none-eabi-size  MAG_SAT_firm_project.elf 
   text	   data	    bss	    dec	    hex	filename
  31176	    476	   2108	  33760	   83e0	MAG_SAT_firm_project.elf
Finished building: default.size.stdout
 
19:56:27 **** Incremental Build of configuration Debug for project MAG_SAT_firm_project ****
make -j28 all 
arm-none-eabi-size  MAG_SAT_firm_project.elf 
   text	   data	    bss	    dec	    hex	filename
  31176	    476	   2108	  33760	   83e0	MAG_SAT_firm_project.elf
Finished building: default.size.stdout
 
19:56:50 **** Incremental Build of configuration Debug for project MAG_SAT_firm_project ****
make -j28 all 
arm-none-eabi-size  MAG_SAT_firm_project.elf 
   text	   data	    bss	    dec	    hex	filename
  31176	    476	   2108	  33760	   83e0	MAG_SAT_firm_project.elf
Finished building: default.size.stdout
 
19:57:07 **** Incremental Build of configuration Debug for project MAG_SAT_firm_project ****
make -j28 all 
arm-none-eabi-size  MAG_SAT_firm_project.elf 
   text	   data	    bss	    dec	    hex	filename
  31176	    476	   2108	  33760	   83e0	MAG_SAT_firm_project.elf
Finished building: default.size.stdout
 
19:57:37 **** Incremental Build of configuration Debug for project MAG_SAT_firm_project ****
make -j28 all 
arm-none-eabi-size  MAG_SAT_firm_project.elf 
   text	   data	    bss	    dec	    hex	filename
  31176	    476	   2108	  33760	   83e0	MAG_SAT_firm_project.elf
Finished building: default.size.stdout
 
19:57:53 **** Incremental Build of configuration Debug for project MAG_SAT_firm_project ****
make -j28 all 
arm-none-eabi-size  MAG_SAT_firm_project.elf 
   text	   data	    bss	    dec	    hex	filename
  31176	    476	   2108	  33760	   83e0	MAG_SAT_firm_project.elf
Finished building: default.size.stdout
 
19:59:00 **** Incremental Build of configuration Debug for project MAG_SAT_firm_project ****
make -j28 all 
arm-none-eabi-size  MAG_SAT_firm_project.elf 
   text	   data	    bss	    dec	    hex	filename
  31176	    476	   2108	  33760	   83e0	MAG_SAT_firm_project.elf
Finished building: default.size.stdout
 
19:59:16 **** Incremental Build of configuration Debug for project MAG_SAT_firm_project ****
make -j28 all 
arm-none-eabi-size  MAG_SAT_firm_project.elf 
   text	   data	    bss	    dec	    hex	filename
  31176	    476	   2108	  33760	   83e0	MAG_SAT_firm_project.elf
Finished building: default.size.stdout
 
19:59:46 **** Incremental Build of configuration Debug for project MAG_SAT_firm_project ****
make -j28 all 
arm-none-eabi-size  MAG_SAT_firm_project.elf 
   text	   data	    bss	    dec	    hex	filename
  31176	    476	   2108	  33760	   83e0	MAG_SAT_firm_project.elf
Finished building: default.size.stdout
 
20:18:26 **** Incremental Build of configuration Debug for project MAG_SAT_firm_project ****
make -j28 all 
arm-none-eabi-size  MAG_SAT_firm_project.elf 
   text	   data	    bss	    dec	    hex	filename
  31176	    476	   2108	  33760	   83e0	MAG_SAT_firm_project.elf
Finished building: default.size.stdout
 
20:18:49 **** Incremental Build of configuration Debug for project MAG_SAT_firm_project ****
make -j28 all 
arm-none-eabi-size  MAG_SAT_firm_project.elf 
   text	   data	    bss	    dec	    hex	filename
  31176	    476	   2108	  33760	   83e0	MAG_SAT_firm_project.elf
Finished building: default.size.stdout
 
22:06:56 **** Incremental Build of configuration Debug for project MAG_SAT_firm_project ****
make -j28 all 
arm-none-eabi-size  MAG_SAT_firm_project.elf 
   text	   data	    bss	    dec	    hex	filename
  31176	    476	   2108	  33760	   83e0	MAG_SAT_firm_project.elf
Finished building: default.size.stdout
 
22:41:10 **** Incremental Build of configuration Debug for project MAG_SAT_firm_project ****
make -j28 all 
arm-none-eabi-size  MAG_SAT_firm_project.elf 
   text	   data	    bss	    dec	    hex	filename
  31176	    476	   2108	  33760	   83e0	MAG_SAT_firm_project.elf
Finished building: default.size.stdout
 
22:46:17 **** Incremental Build of configuration Debug for project MAG_SAT_firm_project ****
make -j28 all 
arm-none-eabi-size  MAG_SAT_firm_project.elf 
   text	   data	    bss	    dec	    hex	filename
  31176	    476	   2108	  33760	   83e0	MAG_SAT_firm_project.elf
Finished building: default.size.stdout
 
22:57:01 **** Incremental Build of configuration Debug for project MAG_SAT_firm_project ****
make -j28 all 
arm-none-eabi-size  MAG_SAT_firm_project.elf 
   text	   data	    bss	    dec	    hex	filename
  31176	    476	   2108	  33760	   83e0	MAG_SAT_firm_project.elf
Finished building: default.size.stdout
 
23:02:30 **** Incremental Build of configuration Debug for project MAG_SAT_firm_project ****
make -j28 all 
arm-none-eabi-size  MAG_SAT_firm_project.elf 
   text	   data	    bss	    dec	    hex	filename
  31176	    476	   2108	  33760	   83e0	MAG_SAT_firm_project.elf
Finished building: default.size.stdout
 
23:04:57 **** Incremental Build of configuration Debug for project MAG_SAT_firm_project ****
make -j28 all 
arm-none-eabi-size  MAG_SAT_firm_project.elf 
   text	   data	    bss	    dec	    hex	filename
  31176	    476	   2108	  33760	   83e0	MAG_SAT_firm_project.elf
Finished building: default.size.stdout
 
23:07:37 **** Incremental Build of configuration Debug for project MAG_SAT_firm_project ****
make -j28 all 
arm-none-eabi-size  MAG_SAT_firm_project.elf 
   text	   data	    bss	    dec	    hex	filename
  31176	    476	   2108	  33760	   83e0	MAG_SAT_firm_project.elf
Finished building: default.size.stdout
 
23:07:52 **** Incremental Build of configuration Debug for project MAG_SAT_firm_project ****
make -j28 all 
arm-none-eabi-size  MAG_SAT_firm_project.elf 
   text	   data	    bss	    dec	    hex	filename
  31176	    476	   2108	  33760	   83e0	MAG_SAT_firm_project.elf
Finished building: default.size.stdout
 
23:12:04 **** Incremental Build of configuration Debug for project MAG_SAT_firm_project ****
make -j28 all 
arm-none-eabi-size  MAG_SAT_firm_project.elf 
   text	   data	    bss	    dec	    hex	filename
  31176	    476	   2108	  33760	   83e0	MAG_SAT_firm_project.elf
Finished building: default.size.stdout
 
23:12:44 **** Incremental Build of configuration Debug for project MAG_SAT_firm_project ****
make -j28 all 
arm-none-eabi-size  MAG_SAT_firm_project.elf 
   text	   data	    bss	    dec	    hex	filename
  31176	    476	   2108	  33760	   83e0	MAG_SAT_firm_project.elf
Finished building: default.size.stdout
 
23:16:15 **** Incremental Build of configuration Debug for project MAG_SAT_firm_project ****
make -j28 all 
arm-none-eabi-size  MAG_SAT_firm_project.elf 
   text	   data	    bss	    dec	    hex	filename
  31176	    476	   2108	  33760	   83e0	MAG_SAT_firm_project.elf
Finished building: default.size.stdout
 
23:30:49 **** Incremental Build of configuration Debug for project MAG_SAT_firm_project ****
make -j28 all 
arm-none-eabi-size  MAG_SAT_firm_project.elf 
   text	   data	    bss	    dec	    hex	filename
  31176	    476	   2108	  33760	   83e0	MAG_SAT_firm_project.elf
Finished building: default.size.stdout
 
15:23:51 **** Incremental Build of configuration Debug for project MAG_SAT_firm_project ****
make -j28 all 
arm-none-eabi-size  MAG_SAT_firm_project.elf 
   text	   data	    bss	    dec	    hex	filename
  31176	    476	   2108	  33760	   83e0	MAG_SAT_firm_project.elf
Finished building: default.size.stdout
 
15:24:07 **** Incremental Build of configuration Debug for project MAG_SAT_firm_project ****
make -j28 all 
arm-none-eabi-size  MAG_SAT_firm_project.elf 
   text	   data	    bss	    dec	    hex	filename
  31176	    476	   2108	  33760	   83e0	MAG_SAT_firm_project.elf
Finished building: default.size.stdout
 
15:31:24 **** Incremental Build of configuration Debug for project MAG_SAT_firm_project ****
make -j28 all 
arm-none-eabi-size  MAG_SAT_firm_project.elf 
   text	   data	    bss	    dec	    hex	filename
  31176	    476	   2108	  33760	   83e0	MAG_SAT_firm_project.elf
Finished building: default.size.stdout
 
15:35:54 **** Incremental Build of configuration Debug for project MAG_SAT_firm_project ****
make -j28 all 
arm-none-eabi-size  MAG_SAT_firm_project.elf 
   text	   data	    bss	    dec	    hex	filename
  31176	    476	   2108	  33760	   83e0	MAG_SAT_firm_project.elf
Finished building: default.size.stdout
 
15:51:23 **** Incremental Build of configuration Debug for project MAG_SAT_firm_project ****
make -j28 all 
arm-none-eabi-size  MAG_SAT_firm_project.elf 
   text	   data	    bss	    dec	    hex	filename
  31176	    476	   2108	  33760	   83e0	MAG_SAT_firm_project.elf
Finished building: default.size.stdout
 
15:51:57 **** Incremental Build of configuration Debug for project MAG_SAT_firm_project ****
make -j28 all 
arm-none-eabi-size  MAG_SAT_firm_project.elf 
   text	   data	    bss	    dec	    hex	filename
  31176	    476	   2108	  33760	   83e0	MAG_SAT_firm_project.elf
Finished building: default.size.stdout
 
15:52:09 **** Incremental Build of configuration Debug for project MAG_SAT_firm_project ****
make -j28 all 
arm-none-eabi-size  MAG_SAT_firm_project.elf 
   text	   data	    bss	    dec	    hex	filename
  31176	    476	   2108	  33760	   83e0	MAG_SAT_firm_project.elf
Finished building: default.size.stdout
 
15:55:40 **** Incremental Build of configuration Debug for project MAG_SAT_firm_project ****
make -j28 all 
arm-none-eabi-size  MAG_SAT_firm_project.elf 
   text	   data	    bss	    dec	    hex	filename
  31176	    476	   2108	  33760	   83e0	MAG_SAT_firm_project.elf
Finished building: default.size.stdout
 
16:31:16 **** Incremental Build of configuration Debug for project MAG_SAT_firm_project ****
make -j28 all 
arm-none-eabi-size  MAG_SAT_firm_project.elf 
   text	   data	    bss	    dec	    hex	filename
  31176	    476	   2108	  33760	   83e0	MAG_SAT_firm_project.elf
Finished building: default.size.stdout
 
16:34:13 **** Incremental Build of configuration Debug for project MAG_SAT_firm_project ****
make -j28 all 
arm-none-eabi-size  MAG_SAT_firm_project.elf 
   text	   data	    bss	    dec	    hex	filename
  31176	    476	   2108	  33760	   83e0	MAG_SAT_firm_project.elf
Finished building: default.size.stdout
 
16:38:33 **** Incremental Build of configuration Debug for project MAG_SAT_firm_project ****
make -j28 all 
arm-none-eabi-size  MAG_SAT_firm_project.elf 
   text	   data	    bss	    dec	    hex	filename
  31176	    476	   2108	  33760	   83e0	MAG_SAT_firm_project.elf
Finished building: default.size.stdout
 
16:41:26 **** Incremental Build of configuration Debug for project MAG_SAT_firm_project ****
make -j28 all 
arm-none-eabi-size  MAG_SAT_firm_project.elf 
   text	   data	    bss	    dec	    hex	filename
  31176	    476	   2108	  33760	   83e0	MAG_SAT_firm_project.elf
Finished building: default.size.stdout
 
16:41:38 **** Incremental Build of configuration Debug for project MAG_SAT_firm_project ****
make -j28 all 
arm-none-eabi-size  MAG_SAT_firm_project.elf 
   text	   data	    bss	    dec	    hex	filename
  31176	    476	   2108	  33760	   83e0	MAG_SAT_firm_project.elf
Finished building: default.size.stdout
 
16:48:30 **** Incremental Build of configuration Debug for project MAG_SAT_firm_project ****
make -j28 all 
arm-none-eabi-size  MAG_SAT_firm_project.elf 
   text	   data	    bss	    dec	    hex	filename
  31176	    476	   2108	  33760	   83e0	MAG_SAT_firm_project.elf
Finished building: default.size.stdout
 
16:51:28 **** Incremental Build of configuration Debug for project MAG_SAT_firm_project ****
make -j28 all 
arm-none-eabi-size  MAG_SAT_firm_project.elf 
   text	   data	    bss	    dec	    hex	filename
  31176	    476	   2108	  33760	   83e0	MAG_SAT_firm_project.elf
Finished building: default.size.stdout
 
16:55:35 **** Incremental Build of configuration Debug for project MAG_SAT_firm_project ****
make -j28 all 
arm-none-eabi-size  MAG_SAT_firm_project.elf 
   text	   data	    bss	    dec	    hex	filename
  31176	    476	   2108	  33760	   83e0	MAG_SAT_firm_project.elf
Finished building: default.size.stdout
 
16:55:47 **** Incremental Build of configuration Debug for project MAG_SAT_firm_project ****
make -j28 all 
arm-none-eabi-size  MAG_SAT_firm_project.elf 
   text	   data	    bss	    dec	    hex	filename
  31176	    476	   2108	  33760	   83e0	MAG_SAT_firm_project.elf
Finished building: default.size.stdout
 
16:58:50 **** Incremental Build of configuration Debug for project MAG_SAT_firm_project ****
make -j28 all 
arm-none-eabi-size  MAG_SAT_firm_project.elf 
   text	   data	    bss	    dec	    hex	filename
  31176	    476	   2108	  33760	   83e0	MAG_SAT_firm_project.elf
Finished building: default.size.stdout
 
16:17:46 **** Incremental Build of configuration Debug for project MAG_SAT_firm_project ****
make -j28 all 
arm-none-eabi-gcc "../Drivers/STM32G4xx_HAL_Driver/Src/stm32g4xx_hal.c" -mcpu=cortex-m4 -std=gnu11 -g3 -DSTM32G431xx -DUSE_HAL_DRIVER -DDEBUG -c -I../Core/Inc -I../Drivers/STM32G4xx_HAL_Driver/Inc -I../Drivers/STM32G4xx_HAL_Driver/Inc/Legacy -I../Drivers/CMSIS/Device/ST/STM32G4xx/Include -I../Drivers/CMSIS/Include -O0 -ffunction-sections -fdata-sections -Wall -fstack-usage -fcyclomatic-complexity -MMD -MP -MF"Drivers/STM32G4xx_HAL_Driver/Src/stm32g4xx_hal.d" -MT"Drivers/STM32G4xx_HAL_Driver/Src/stm32g4xx_hal.o" --specs=nano.specs -mfpu=fpv4-sp-d16 -mfloat-abi=hard -mthumb -o "Drivers/STM32G4xx_HAL_Driver/Src/stm32g4xx_hal.o"
arm-none-eabi-gcc "../Drivers/STM32G4xx_HAL_Driver/Src/stm32g4xx_hal_adc.c" -mcpu=cortex-m4 -std=gnu11 -g3 -DSTM32G431xx -DUSE_HAL_DRIVER -DDEBUG -c -I../Core/Inc -I../Drivers/STM32G4xx_HAL_Driver/Inc -I../Drivers/STM32G4xx_HAL_Driver/Inc/Legacy -I../Drivers/CMSIS/Device/ST/STM32G4xx/Include -I../Drivers/CMSIS/Include -O0 -ffunction-sections -fdata-sections -Wall -fstack-usage -fcyclomatic-complexity -MMD -MP -MF"Drivers/STM32G4xx_HAL_Driver/Src/stm32g4xx_hal_adc.d" -MT"Drivers/STM32G4xx_HAL_Driver/Src/stm32g4xx_hal_adc.o" --specs=nano.specs -mfpu=fpv4-sp-d16 -mfloat-abi=hard -mthumb -o "Drivers/STM32G4xx_HAL_Driver/Src/stm32g4xx_hal_adc.o"
arm-none-eabi-gcc "../Drivers/STM32G4xx_HAL_Driver/Src/stm32g4xx_hal_adc_ex.c" -mcpu=cortex-m4 -std=gnu11 -g3 -DSTM32G431xx -DUSE_HAL_DRIVER -DDEBUG -c -I../Core/Inc -I../Drivers/STM32G4xx_HAL_Driver/Inc -I../Drivers/STM32G4xx_HAL_Driver/Inc/Legacy -I../Drivers/CMSIS/Device/ST/STM32G4xx/Include -I../Drivers/CMSIS/Include -O0 -ffunction-sections -fdata-sections -Wall -fstack-usage -fcyclomatic-complexity -MMD -MP -MF"Drivers/STM32G4xx_HAL_Driver/Src/stm32g4xx_hal_adc_ex.d" -MT"Drivers/STM32G4xx_HAL_Driver/Src/stm32g4xx_hal_adc_ex.o" --specs=nano.specs -mfpu=fpv4-sp-d16 -mfloat-abi=hard -mthumb -o "Drivers/STM32G4xx_HAL_Driver/Src/stm32g4xx_hal_adc_ex.o"
arm-none-eabi-gcc "../Drivers/STM32G4xx_HAL_Driver/Src/stm32g4xx_hal_cortex.c" -mcpu=cortex-m4 -std=gnu11 -g3 -DSTM32G431xx -DUSE_HAL_DRIVER -DDEBUG -c -I../Core/Inc -I../Drivers/STM32G4xx_HAL_Driver/Inc -I../Drivers/STM32G4xx_HAL_Driver/Inc/Legacy -I../Drivers/CMSIS/Device/ST/STM32G4xx/Include -I../Drivers/CMSIS/Include -O0 -ffunction-sections -fdata-sections -Wall -fstack-usage -fcyclomatic-complexity -MMD -MP -MF"Drivers/STM32G4xx_HAL_Driver/Src/stm32g4xx_hal_cortex.d" -MT"Drivers/STM32G4xx_HAL_Driver/Src/stm32g4xx_hal_cortex.o" --specs=nano.specs -mfpu=fpv4-sp-d16 -mfloat-abi=hard -mthumb -o "Drivers/STM32G4xx_HAL_Driver/Src/stm32g4xx_hal_cortex.o"
arm-none-eabi-gcc "../Drivers/STM32G4xx_HAL_Driver/Src/stm32g4xx_hal_dma.c" -mcpu=cortex-m4 -std=gnu11 -g3 -DSTM32G431xx -DUSE_HAL_DRIVER -DDEBUG -c -I../Core/Inc -I../Drivers/STM32G4xx_HAL_Driver/Inc -I../Drivers/STM32G4xx_HAL_Driver/Inc/Legacy -I../Drivers/CMSIS/Device/ST/STM32G4xx/Include -I../Drivers/CMSIS/Include -O0 -ffunction-sections -fdata-sections -Wall -fstack-usage -fcyclomatic-complexity -MMD -MP -MF"Drivers/STM32G4xx_HAL_Driver/Src/stm32g4xx_hal_dma.d" -MT"Drivers/STM32G4xx_HAL_Driver/Src/stm32g4xx_hal_dma.o" --specs=nano.specs -mfpu=fpv4-sp-d16 -mfloat-abi=hard -mthumb -o "Drivers/STM32G4xx_HAL_Driver/Src/stm32g4xx_hal_dma.o"
arm-none-eabi-gcc "../Drivers/STM32G4xx_HAL_Driver/Src/stm32g4xx_hal_dma_ex.c" -mcpu=cortex-m4 -std=gnu11 -g3 -DSTM32G431xx -DUSE_HAL_DRIVER -DDEBUG -c -I../Core/Inc -I../Drivers/STM32G4xx_HAL_Driver/Inc -I../Drivers/STM32G4xx_HAL_Driver/Inc/Legacy -I../Drivers/CMSIS/Device/ST/STM32G4xx/Include -I../Drivers/CMSIS/Include -O0 -ffunction-sections -fdata-sections -Wall -fstack-usage -fcyclomatic-complexity -MMD -MP -MF"Drivers/STM32G4xx_HAL_Driver/Src/stm32g4xx_hal_dma_ex.d" -MT"Drivers/STM32G4xx_HAL_Driver/Src/stm32g4xx_hal_dma_ex.o" --specs=nano.specs -mfpu=fpv4-sp-d16 -mfloat-abi=hard -mthumb -o "Drivers/STM32G4xx_HAL_Driver/Src/stm32g4xx_hal_dma_ex.o"
arm-none-eabi-gcc "../Drivers/STM32G4xx_HAL_Driver/Src/stm32g4xx_hal_exti.c" -mcpu=cortex-m4 -std=gnu11 -g3 -DSTM32G431xx -DUSE_HAL_DRIVER -DDEBUG -c -I../Core/Inc -I../Drivers/STM32G4xx_HAL_Driver/Inc -I../Drivers/STM32G4xx_HAL_Driver/Inc/Legacy -I../Drivers/CMSIS/Device/ST/STM32G4xx/Include -I../Drivers/CMSIS/Include -O0 -ffunction-sections -fdata-sections -Wall -fstack-usage -fcyclomatic-complexity -MMD -MP -MF"Drivers/STM32G4xx_HAL_Driver/Src/stm32g4xx_hal_exti.d" -MT"Drivers/STM32G4xx_HAL_Driver/Src/stm32g4xx_hal_exti.o" --specs=nano.specs -mfpu=fpv4-sp-d16 -mfloat-abi=hard -mthumb -o "Drivers/STM32G4xx_HAL_Driver/Src/stm32g4xx_hal_exti.o"
arm-none-eabi-gcc "../Drivers/STM32G4xx_HAL_Driver/Src/stm32g4xx_hal_flash.c" -mcpu=cortex-m4 -std=gnu11 -g3 -DSTM32G431xx -DUSE_HAL_DRIVER -DDEBUG -c -I../Core/Inc -I../Drivers/STM32G4xx_HAL_Driver/Inc -I../Drivers/STM32G4xx_HAL_Driver/Inc/Legacy -I../Drivers/CMSIS/Device/ST/STM32G4xx/Include -I../Drivers/CMSIS/Include -O0 -ffunction-sections -fdata-sections -Wall -fstack-usage -fcyclomatic-complexity -MMD -MP -MF"Drivers/STM32G4xx_HAL_Driver/Src/stm32g4xx_hal_flash.d" -MT"Drivers/STM32G4xx_HAL_Driver/Src/stm32g4xx_hal_flash.o" --specs=nano.specs -mfpu=fpv4-sp-d16 -mfloat-abi=hard -mthumb -o "Drivers/STM32G4xx_HAL_Driver/Src/stm32g4xx_hal_flash.o"
arm-none-eabi-gcc "../Drivers/STM32G4xx_HAL_Driver/Src/stm32g4xx_hal_flash_ex.c" -mcpu=cortex-m4 -std=gnu11 -g3 -DSTM32G431xx -DUSE_HAL_DRIVER -DDEBUG -c -I../Core/Inc -I../Drivers/STM32G4xx_HAL_Driver/Inc -I../Drivers/STM32G4xx_HAL_Driver/Inc/Legacy -I../Drivers/CMSIS/Device/ST/STM32G4xx/Include -I../Drivers/CMSIS/Include -O0 -ffunction-sections -fdata-sections -Wall -fstack-usage -fcyclomatic-complexity -MMD -MP -MF"Drivers/STM32G4xx_HAL_Driver/Src/stm32g4xx_hal_flash_ex.d" -MT"Drivers/STM32G4xx_HAL_Driver/Src/stm32g4xx_hal_flash_ex.o" --specs=nano.specs -mfpu=fpv4-sp-d16 -mfloat-abi=hard -mthumb -o "Drivers/STM32G4xx_HAL_Driver/Src/stm32g4xx_hal_flash_ex.o"
arm-none-eabi-gcc "../Drivers/STM32G4xx_HAL_Driver/Src/stm32g4xx_hal_flash_ramfunc.c" -mcpu=cortex-m4 -std=gnu11 -g3 -DSTM32G431xx -DUSE_HAL_DRIVER -DDEBUG -c -I../Core/Inc -I../Drivers/STM32G4xx_HAL_Driver/Inc -I../Drivers/STM32G4xx_HAL_Driver/Inc/Legacy -I../Drivers/CMSIS/Device/ST/STM32G4xx/Include -I../Drivers/CMSIS/Include -O0 -ffunction-sections -fdata-sections -Wall -fstack-usage -fcyclomatic-complexity -MMD -MP -MF"Drivers/STM32G4xx_HAL_Driver/Src/stm32g4xx_hal_flash_ramfunc.d" -MT"Drivers/STM32G4xx_HAL_Driver/Src/stm32g4xx_hal_flash_ramfunc.o" --specs=nano.specs -mfpu=fpv4-sp-d16 -mfloat-abi=hard -mthumb -o "Drivers/STM32G4xx_HAL_Driver/Src/stm32g4xx_hal_flash_ramfunc.o"
arm-none-eabi-gcc "../Drivers/STM32G4xx_HAL_Driver/Src/stm32g4xx_hal_gpio.c" -mcpu=cortex-m4 -std=gnu11 -g3 -DSTM32G431xx -DUSE_HAL_DRIVER -DDEBUG -c -I../Core/Inc -I../Drivers/STM32G4xx_HAL_Driver/Inc -I../Drivers/STM32G4xx_HAL_Driver/Inc/Legacy -I../Drivers/CMSIS/Device/ST/STM32G4xx/Include -I../Drivers/CMSIS/Include -O0 -ffunction-sections -fdata-sections -Wall -fstack-usage -fcyclomatic-complexity -MMD -MP -MF"Drivers/STM32G4xx_HAL_Driver/Src/stm32g4xx_hal_gpio.d" -MT"Drivers/STM32G4xx_HAL_Driver/Src/stm32g4xx_hal_gpio.o" --specs=nano.specs -mfpu=fpv4-sp-d16 -mfloat-abi=hard -mthumb -o "Drivers/STM32G4xx_HAL_Driver/Src/stm32g4xx_hal_gpio.o"
arm-none-eabi-gcc "../Drivers/STM32G4xx_HAL_Driver/Src/stm32g4xx_hal_i2c.c" -mcpu=cortex-m4 -std=gnu11 -g3 -DSTM32G431xx -DUSE_HAL_DRIVER -DDEBUG -c -I../Core/Inc -I../Drivers/STM32G4xx_HAL_Driver/Inc -I../Drivers/STM32G4xx_HAL_Driver/Inc/Legacy -I../Drivers/CMSIS/Device/ST/STM32G4xx/Include -I../Drivers/CMSIS/Include -O0 -ffunction-sections -fdata-sections -Wall -fstack-usage -fcyclomatic-complexity -MMD -MP -MF"Drivers/STM32G4xx_HAL_Driver/Src/stm32g4xx_hal_i2c.d" -MT"Drivers/STM32G4xx_HAL_Driver/Src/stm32g4xx_hal_i2c.o" --specs=nano.specs -mfpu=fpv4-sp-d16 -mfloat-abi=hard -mthumb -o "Drivers/STM32G4xx_HAL_Driver/Src/stm32g4xx_hal_i2c.o"
arm-none-eabi-gcc "../Drivers/STM32G4xx_HAL_Driver/Src/stm32g4xx_hal_i2c_ex.c" -mcpu=cortex-m4 -std=gnu11 -g3 -DSTM32G431xx -DUSE_HAL_DRIVER -DDEBUG -c -I../Core/Inc -I../Drivers/STM32G4xx_HAL_Driver/Inc -I../Drivers/STM32G4xx_HAL_Driver/Inc/Legacy -I../Drivers/CMSIS/Device/ST/STM32G4xx/Include -I../Drivers/CMSIS/Include -O0 -ffunction-sections -fdata-sections -Wall -fstack-usage -fcyclomatic-complexity -MMD -MP -MF"Drivers/STM32G4xx_HAL_Driver/Src/stm32g4xx_hal_i2c_ex.d" -MT"Drivers/STM32G4xx_HAL_Driver/Src/stm32g4xx_hal_i2c_ex.o" --specs=nano.specs -mfpu=fpv4-sp-d16 -mfloat-abi=hard -mthumb -o "Drivers/STM32G4xx_HAL_Driver/Src/stm32g4xx_hal_i2c_ex.o"
arm-none-eabi-gcc "../Drivers/STM32G4xx_HAL_Driver/Src/stm32g4xx_hal_pwr.c" -mcpu=cortex-m4 -std=gnu11 -g3 -DSTM32G431xx -DUSE_HAL_DRIVER -DDEBUG -c -I../Core/Inc -I../Drivers/STM32G4xx_HAL_Driver/Inc -I../Drivers/STM32G4xx_HAL_Driver/Inc/Legacy -I../Drivers/CMSIS/Device/ST/STM32G4xx/Include -I../Drivers/CMSIS/Include -O0 -ffunction-sections -fdata-sections -Wall -fstack-usage -fcyclomatic-complexity -MMD -MP -MF"Drivers/STM32G4xx_HAL_Driver/Src/stm32g4xx_hal_pwr.d" -MT"Drivers/STM32G4xx_HAL_Driver/Src/stm32g4xx_hal_pwr.o" --specs=nano.specs -mfpu=fpv4-sp-d16 -mfloat-abi=hard -mthumb -o "Drivers/STM32G4xx_HAL_Driver/Src/stm32g4xx_hal_pwr.o"
arm-none-eabi-gcc "../Drivers/STM32G4xx_HAL_Driver/Src/stm32g4xx_hal_pwr_ex.c" -mcpu=cortex-m4 -std=gnu11 -g3 -DSTM32G431xx -DUSE_HAL_DRIVER -DDEBUG -c -I../Core/Inc -I../Drivers/STM32G4xx_HAL_Driver/Inc -I../Drivers/STM32G4xx_HAL_Driver/Inc/Legacy -I../Drivers/CMSIS/Device/ST/STM32G4xx/Include -I../Drivers/CMSIS/Include -O0 -ffunction-sections -fdata-sections -Wall -fstack-usage -fcyclomatic-complexity -MMD -MP -MF"Drivers/STM32G4xx_HAL_Driver/Src/stm32g4xx_hal_pwr_ex.d" -MT"Drivers/STM32G4xx_HAL_Driver/Src/stm32g4xx_hal_pwr_ex.o" --specs=nano.specs -mfpu=fpv4-sp-d16 -mfloat-abi=hard -mthumb -o "Drivers/STM32G4xx_HAL_Driver/Src/stm32g4xx_hal_pwr_ex.o"
arm-none-eabi-gcc "../Drivers/STM32G4xx_HAL_Driver/Src/stm32g4xx_hal_rcc.c" -mcpu=cortex-m4 -std=gnu11 -g3 -DSTM32G431xx -DUSE_HAL_DRIVER -DDEBUG -c -I../Core/Inc -I../Drivers/STM32G4xx_HAL_Driver/Inc -I../Drivers/STM32G4xx_HAL_Driver/Inc/Legacy -I../Drivers/CMSIS/Device/ST/STM32G4xx/Include -I../Drivers/CMSIS/Include -O0 -ffunction-sections -fdata-sections -Wall -fstack-usage -fcyclomatic-complexity -MMD -MP -MF"Drivers/STM32G4xx_HAL_Driver/Src/stm32g4xx_hal_rcc.d" -MT"Drivers/STM32G4xx_HAL_Driver/Src/stm32g4xx_hal_rcc.o" --specs=nano.specs -mfpu=fpv4-sp-d16 -mfloat-abi=hard -mthumb -o "Drivers/STM32G4xx_HAL_Driver/Src/stm32g4xx_hal_rcc.o"
arm-none-eabi-gcc "../Drivers/STM32G4xx_HAL_Driver/Src/stm32g4xx_hal_rcc_ex.c" -mcpu=cortex-m4 -std=gnu11 -g3 -DSTM32G431xx -DUSE_HAL_DRIVER -DDEBUG -c -I../Core/Inc -I../Drivers/STM32G4xx_HAL_Driver/Inc -I../Drivers/STM32G4xx_HAL_Driver/Inc/Legacy -I../Drivers/CMSIS/Device/ST/STM32G4xx/Include -I../Drivers/CMSIS/Include -O0 -ffunction-sections -fdata-sections -Wall -fstack-usage -fcyclomatic-complexity -MMD -MP -MF"Drivers/STM32G4xx_HAL_Driver/Src/stm32g4xx_hal_rcc_ex.d" -MT"Drivers/STM32G4xx_HAL_Driver/Src/stm32g4xx_hal_rcc_ex.o" --specs=nano.specs -mfpu=fpv4-sp-d16 -mfloat-abi=hard -mthumb -o "Drivers/STM32G4xx_HAL_Driver/Src/stm32g4xx_hal_rcc_ex.o"
arm-none-eabi-gcc "../Drivers/STM32G4xx_HAL_Driver/Src/stm32g4xx_hal_tim.c" -mcpu=cortex-m4 -std=gnu11 -g3 -DSTM32G431xx -DUSE_HAL_DRIVER -DDEBUG -c -I../Core/Inc -I../Drivers/STM32G4xx_HAL_Driver/Inc -I../Drivers/STM32G4xx_HAL_Driver/Inc/Legacy -I../Drivers/CMSIS/Device/ST/STM32G4xx/Include -I../Drivers/CMSIS/Include -O0 -ffunction-sections -fdata-sections -Wall -fstack-usage -fcyclomatic-complexity -MMD -MP -MF"Drivers/STM32G4xx_HAL_Driver/Src/stm32g4xx_hal_tim.d" -MT"Drivers/STM32G4xx_HAL_Driver/Src/stm32g4xx_hal_tim.o" --specs=nano.specs -mfpu=fpv4-sp-d16 -mfloat-abi=hard -mthumb -o "Drivers/STM32G4xx_HAL_Driver/Src/stm32g4xx_hal_tim.o"
arm-none-eabi-gcc "../Drivers/STM32G4xx_HAL_Driver/Src/stm32g4xx_hal_tim_ex.c" -mcpu=cortex-m4 -std=gnu11 -g3 -DSTM32G431xx -DUSE_HAL_DRIVER -DDEBUG -c -I../Core/Inc -I../Drivers/STM32G4xx_HAL_Driver/Inc -I../Drivers/STM32G4xx_HAL_Driver/Inc/Legacy -I../Drivers/CMSIS/Device/ST/STM32G4xx/Include -I../Drivers/CMSIS/Include -O0 -ffunction-sections -fdata-sections -Wall -fstack-usage -fcyclomatic-complexity -MMD -MP -MF"Drivers/STM32G4xx_HAL_Driver/Src/stm32g4xx_hal_tim_ex.d" -MT"Drivers/STM32G4xx_HAL_Driver/Src/stm32g4xx_hal_tim_ex.o" --specs=nano.specs -mfpu=fpv4-sp-d16 -mfloat-abi=hard -mthumb -o "Drivers/STM32G4xx_HAL_Driver/Src/stm32g4xx_hal_tim_ex.o"
arm-none-eabi-gcc "../Drivers/STM32G4xx_HAL_Driver/Src/stm32g4xx_ll_adc.c" -mcpu=cortex-m4 -std=gnu11 -g3 -DSTM32G431xx -DUSE_HAL_DRIVER -DDEBUG -c -I../Core/Inc -I../Drivers/STM32G4xx_HAL_Driver/Inc -I../Drivers/STM32G4xx_HAL_Driver/Inc/Legacy -I../Drivers/CMSIS/Device/ST/STM32G4xx/Include -I../Drivers/CMSIS/Include -O0 -ffunction-sections -fdata-sections -Wall -fstack-usage -fcyclomatic-complexity -MMD -MP -MF"Drivers/STM32G4xx_HAL_Driver/Src/stm32g4xx_ll_adc.d" -MT"Drivers/STM32G4xx_HAL_Driver/Src/stm32g4xx_ll_adc.o" --specs=nano.specs -mfpu=fpv4-sp-d16 -mfloat-abi=hard -mthumb -o "Drivers/STM32G4xx_HAL_Driver/Src/stm32g4xx_ll_adc.o"
arm-none-eabi-gcc -mcpu=cortex-m4 -g3 -c -x assembler-with-cpp -MMD -MP -MF"Core/Startup/startup_stm32g431kbtx.d" -MT"Core/Startup/startup_stm32g431kbtx.o" --specs=nano.specs -mfpu=fpv4-sp-d16 -mfloat-abi=hard -mthumb -o "Core/Startup/startup_stm32g431kbtx.o" "../Core/Startup/startup_stm32g431kbtx.s"
arm-none-eabi-gcc "../Core/Src/main.c" -mcpu=cortex-m4 -std=gnu11 -g3 -DSTM32G431xx -DUSE_HAL_DRIVER -DDEBUG -c -I../Core/Inc -I../Drivers/STM32G4xx_HAL_Driver/Inc -I../Drivers/STM32G4xx_HAL_Driver/Inc/Legacy -I../Drivers/CMSIS/Device/ST/STM32G4xx/Include -I../Drivers/CMSIS/Include -O0 -ffunction-sections -fdata-sections -Wall -fstack-usage -fcyclomatic-complexity -MMD -MP -MF"Core/Src/main.d" -MT"Core/Src/main.o" --specs=nano.specs -mfpu=fpv4-sp-d16 -mfloat-abi=hard -mthumb -o "Core/Src/main.o"
arm-none-eabi-gcc "../Core/Src/stm32g4xx_hal_msp.c" -mcpu=cortex-m4 -std=gnu11 -g3 -DSTM32G431xx -DUSE_HAL_DRIVER -DDEBUG -c -I../Core/Inc -I../Drivers/STM32G4xx_HAL_Driver/Inc -I../Drivers/STM32G4xx_HAL_Driver/Inc/Legacy -I../Drivers/CMSIS/Device/ST/STM32G4xx/Include -I../Drivers/CMSIS/Include -O0 -ffunction-sections -fdata-sections -Wall -fstack-usage -fcyclomatic-complexity -MMD -MP -MF"Core/Src/stm32g4xx_hal_msp.d" -MT"Core/Src/stm32g4xx_hal_msp.o" --specs=nano.specs -mfpu=fpv4-sp-d16 -mfloat-abi=hard -mthumb -o "Core/Src/stm32g4xx_hal_msp.o"
arm-none-eabi-gcc "../Core/Src/stm32g4xx_it.c" -mcpu=cortex-m4 -std=gnu11 -g3 -DSTM32G431xx -DUSE_HAL_DRIVER -DDEBUG -c -I../Core/Inc -I../Drivers/STM32G4xx_HAL_Driver/Inc -I../Drivers/STM32G4xx_HAL_Driver/Inc/Legacy -I../Drivers/CMSIS/Device/ST/STM32G4xx/Include -I../Drivers/CMSIS/Include -O0 -ffunction-sections -fdata-sections -Wall -fstack-usage -fcyclomatic-complexity -MMD -MP -MF"Core/Src/stm32g4xx_it.d" -MT"Core/Src/stm32g4xx_it.o" --specs=nano.specs -mfpu=fpv4-sp-d16 -mfloat-abi=hard -mthumb -o "Core/Src/stm32g4xx_it.o"
arm-none-eabi-gcc "../Core/Src/syscalls.c" -mcpu=cortex-m4 -std=gnu11 -g3 -DSTM32G431xx -DUSE_HAL_DRIVER -DDEBUG -c -I../Core/Inc -I../Drivers/STM32G4xx_HAL_Driver/Inc -I../Drivers/STM32G4xx_HAL_Driver/Inc/Legacy -I../Drivers/CMSIS/Device/ST/STM32G4xx/Include -I../Drivers/CMSIS/Include -O0 -ffunction-sections -fdata-sections -Wall -fstack-usage -fcyclomatic-complexity -MMD -MP -MF"Core/Src/syscalls.d" -MT"Core/Src/syscalls.o" --specs=nano.specs -mfpu=fpv4-sp-d16 -mfloat-abi=hard -mthumb -o "Core/Src/syscalls.o"
arm-none-eabi-gcc "../Core/Src/sysmem.c" -mcpu=cortex-m4 -std=gnu11 -g3 -DSTM32G431xx -DUSE_HAL_DRIVER -DDEBUG -c -I../Core/Inc -I../Drivers/STM32G4xx_HAL_Driver/Inc -I../Drivers/STM32G4xx_HAL_Driver/Inc/Legacy -I../Drivers/CMSIS/Device/ST/STM32G4xx/Include -I../Drivers/CMSIS/Include -O0 -ffunction-sections -fdata-sections -Wall -fstack-usage -fcyclomatic-complexity -MMD -MP -MF"Core/Src/sysmem.d" -MT"Core/Src/sysmem.o" --specs=nano.specs -mfpu=fpv4-sp-d16 -mfloat-abi=hard -mthumb -o "Core/Src/sysmem.o"
arm-none-eabi-gcc "../Core/Src/system_stm32g4xx.c" -mcpu=cortex-m4 -std=gnu11 -g3 -DSTM32G431xx -DUSE_HAL_DRIVER -DDEBUG -c -I../Core/Inc -I../Drivers/STM32G4xx_HAL_Driver/Inc -I../Drivers/STM32G4xx_HAL_Driver/Inc/Legacy -I../Drivers/CMSIS/Device/ST/STM32G4xx/Include -I../Drivers/CMSIS/Include -O0 -ffunction-sections -fdata-sections -Wall -fstack-usage -fcyclomatic-complexity -MMD -MP -MF"Core/Src/system_stm32g4xx.d" -MT"Core/Src/system_stm32g4xx.o" --specs=nano.specs -mfpu=fpv4-sp-d16 -mfloat-abi=hard -mthumb -o "Core/Src/system_stm32g4xx.o"
arm-none-eabi-gcc -o "MAG_SAT_firm_project.elf" @"objects.list"   -mcpu=cortex-m4 -T"C:\Users\hye071\Downloads\P4P_TMR\Firmware\TMR_MAGSAT\MAG_SAT_firm_project\STM32G431KBTX_FLASH.ld" --specs=nosys.specs -Wl,-Map="MAG_SAT_firm_project.map" -Wl,--gc-sections -static --specs=nano.specs -mfpu=fpv4-sp-d16 -mfloat-abi=hard -mthumb -u _printf_float -Wl,--start-group -lc -lm -Wl,--end-group
C:/ST/STM32CubeIDE_1.15.1/STM32CubeIDE/plugins/com.st.stm32cube.ide.mcu.externaltools.gnu-tools-for-stm32.12.3.rel1.win32_1.0.100.202403111256/tools/bin/../lib/gcc/arm-none-eabi/12.3.1/../../../../arm-none-eabi/bin/ld.exe: warning: MAG_SAT_firm_project.elf has a LOAD segment with RWX permissions
Finished building target: MAG_SAT_firm_project.elf
 
arm-none-eabi-size  MAG_SAT_firm_project.elf 
arm-none-eabi-objdump -h -S MAG_SAT_firm_project.elf  > "MAG_SAT_firm_project.list"
   text	   data	    bss	    dec	    hex	filename
  31176	    476	   2108	  33760	   83e0	MAG_SAT_firm_project.elf
Finished building: default.size.stdout
 
Finished building: MAG_SAT_firm_project.list
 
17:55:47 **** Incremental Build of configuration Debug for project MAG_SAT_firm_project ****
make -j28 all 
arm-none-eabi-size  MAG_SAT_firm_project.elf 
   text	   data	    bss	    dec	    hex	filename
  31176	    476	   2108	  33760	   83e0	MAG_SAT_firm_project.elf
Finished building: default.size.stdout
 
18:02:53 **** Incremental Build of configuration Debug for project MAG_SAT_firm_project ****
make -j28 all 
arm-none-eabi-size  MAG_SAT_firm_project.elf 
   text	   data	    bss	    dec	    hex	filename
  31176	    476	   2108	  33760	   83e0	MAG_SAT_firm_project.elf
Finished building: default.size.stdout
 
18:05:03 **** Incremental Build of configuration Debug for project MAG_SAT_firm_project ****
make -j28 all 
arm-none-eabi-size  MAG_SAT_firm_project.elf 
   text	   data	    bss	    dec	    hex	filename
  31176	    476	   2108	  33760	   83e0	MAG_SAT_firm_project.elf
Finished building: default.size.stdout
 
18:07:31 **** Incremental Build of configuration Debug for project MAG_SAT_firm_project ****
make -j28 all 
arm-none-eabi-size  MAG_SAT_firm_project.elf 
   text	   data	    bss	    dec	    hex	filename
  31176	    476	   2108	  33760	   83e0	MAG_SAT_firm_project.elf
Finished building: default.size.stdout
 
18:09:45 **** Incremental Build of configuration Debug for project MAG_SAT_firm_project ****
make -j28 all 
arm-none-eabi-size  MAG_SAT_firm_project.elf 
   text	   data	    bss	    dec	    hex	filename
  31176	    476	   2108	  33760	   83e0	MAG_SAT_firm_project.elf
Finished building: default.size.stdout
 
18:09:58 **** Incremental Build of configuration Debug for project MAG_SAT_firm_project ****
make -j28 all 
arm-none-eabi-size  MAG_SAT_firm_project.elf 
   text	   data	    bss	    dec	    hex	filename
  31176	    476	   2108	  33760	   83e0	MAG_SAT_firm_project.elf
Finished building: default.size.stdout
 
18:11:57 **** Incremental Build of configuration Debug for project MAG_SAT_firm_project ****
make -j28 all 
arm-none-eabi-size  MAG_SAT_firm_project.elf 
   text	   data	    bss	    dec	    hex	filename
  31176	    476	   2108	  33760	   83e0	MAG_SAT_firm_project.elf
Finished building: default.size.stdout
 
18:14:09 **** Incremental Build of configuration Debug for project MAG_SAT_firm_project ****
make -j28 all 
arm-none-eabi-size  MAG_SAT_firm_project.elf 
   text	   data	    bss	    dec	    hex	filename
  31176	    476	   2108	  33760	   83e0	MAG_SAT_firm_project.elf
Finished building: default.size.stdout
 
18:16:06 **** Incremental Build of configuration Debug for project MAG_SAT_firm_project ****
make -j28 all 
arm-none-eabi-size  MAG_SAT_firm_project.elf 
   text	   data	    bss	    dec	    hex	filename
  31176	    476	   2108	  33760	   83e0	MAG_SAT_firm_project.elf
Finished building: default.size.stdout
 
18:16:50 **** Incremental Build of configuration Debug for project MAG_SAT_firm_project ****
make -j28 all 
arm-none-eabi-size  MAG_SAT_firm_project.elf 
   text	   data	    bss	    dec	    hex	filename
  31176	    476	   2108	  33760	   83e0	MAG_SAT_firm_project.elf
Finished building: default.size.stdout
 
18:16:59 **** Incremental Build of configuration Debug for project MAG_SAT_firm_project ****
make -j28 all 
arm-none-eabi-size  MAG_SAT_firm_project.elf 
   text	   data	    bss	    dec	    hex	filename
  31176	    476	   2108	  33760	   83e0	MAG_SAT_firm_project.elf
Finished building: default.size.stdout
 
18:24:49 **** Incremental Build of configuration Debug for project MAG_SAT_firm_project ****
make -j28 all 
arm-none-eabi-size  MAG_SAT_firm_project.elf 
   text	   data	    bss	    dec	    hex	filename
  31176	    476	   2108	  33760	   83e0	MAG_SAT_firm_project.elf
Finished building: default.size.stdout
 
18:27:15 **** Incremental Build of configuration Debug for project MAG_SAT_firm_project ****
make -j28 all 
arm-none-eabi-size  MAG_SAT_firm_project.elf 
   text	   data	    bss	    dec	    hex	filename
  31176	    476	   2108	  33760	   83e0	MAG_SAT_firm_project.elf
Finished building: default.size.stdout
 
18:29:51 **** Incremental Build of configuration Debug for project MAG_SAT_firm_project ****
make -j28 all 
arm-none-eabi-size  MAG_SAT_firm_project.elf 
   text	   data	    bss	    dec	    hex	filename
  31176	    476	   2108	  33760	   83e0	MAG_SAT_firm_project.elf
Finished building: default.size.stdout
 
18:31:59 **** Incremental Build of configuration Debug for project MAG_SAT_firm_project ****
make -j28 all 
arm-none-eabi-size  MAG_SAT_firm_project.elf 
   text	   data	    bss	    dec	    hex	filename
  31176	    476	   2108	  33760	   83e0	MAG_SAT_firm_project.elf
Finished building: default.size.stdout
 
11:28:06 **** Incremental Build of configuration Debug for project MAG_SAT_firm_project ****
make -j28 all 
arm-none-eabi-size  MAG_SAT_firm_project.elf 
   text	   data	    bss	    dec	    hex	filename
  31176	    476	   2108	  33760	   83e0	MAG_SAT_firm_project.elf
Finished building: default.size.stdout
 
12:00:34 **** Incremental Build of configuration Debug for project MAG_SAT_firm_project ****
make -j28 all 
arm-none-eabi-size  MAG_SAT_firm_project.elf 
   text	   data	    bss	    dec	    hex	filename
  31176	    476	   2108	  33760	   83e0	MAG_SAT_firm_project.elf
Finished building: default.size.stdout
 
12:00:40 **** Incremental Build of configuration Debug for project MAG_SAT_firm_project ****
make -j28 all 
arm-none-eabi-size  MAG_SAT_firm_project.elf 
   text	   data	    bss	    dec	    hex	filename
  31176	    476	   2108	  33760	   83e0	MAG_SAT_firm_project.elf
Finished building: default.size.stdout
 
12:09:44 **** Incremental Build of configuration Debug for project MAG_SAT_firm_project ****
make -j28 all 
arm-none-eabi-size  MAG_SAT_firm_project.elf 
   text	   data	    bss	    dec	    hex	filename
  31176	    476	   2108	  33760	   83e0	MAG_SAT_firm_project.elf
Finished building: default.size.stdout
 
12:11:10 **** Incremental Build of configuration Debug for project MAG_SAT_firm_project ****
make -j28 all 
arm-none-eabi-size  MAG_SAT_firm_project.elf 
   text	   data	    bss	    dec	    hex	filename
  31176	    476	   2108	  33760	   83e0	MAG_SAT_firm_project.elf
Finished building: default.size.stdout
 
12:27:52 **** Incremental Build of configuration Debug for project MAG_SAT_firm_project ****
make -j28 all 
arm-none-eabi-size  MAG_SAT_firm_project.elf 
   text	   data	    bss	    dec	    hex	filename
  31176	    476	   2108	  33760	   83e0	MAG_SAT_firm_project.elf
Finished building: default.size.stdout
 
12:37:01 **** Incremental Build of configuration Debug for project MAG_SAT_firm_project ****
make -j28 all 
arm-none-eabi-size  MAG_SAT_firm_project.elf 
   text	   data	    bss	    dec	    hex	filename
  31176	    476	   2108	  33760	   83e0	MAG_SAT_firm_project.elf
Finished building: default.size.stdout
 
12:41:37 **** Incremental Build of configuration Debug for project MAG_SAT_firm_project ****
make -j28 all 
arm-none-eabi-size  MAG_SAT_firm_project.elf 
   text	   data	    bss	    dec	    hex	filename
  31176	    476	   2108	  33760	   83e0	MAG_SAT_firm_project.elf
Finished building: default.size.stdout
 
12:46:42 **** Incremental Build of configuration Debug for project MAG_SAT_firm_project ****
make -j28 all 
arm-none-eabi-size  MAG_SAT_firm_project.elf 
   text	   data	    bss	    dec	    hex	filename
  31176	    476	   2108	  33760	   83e0	MAG_SAT_firm_project.elf
Finished building: default.size.stdout
 
12:48:47 **** Incremental Build of configuration Debug for project MAG_SAT_firm_project ****
make -j28 all 
arm-none-eabi-size  MAG_SAT_firm_project.elf 
   text	   data	    bss	    dec	    hex	filename
  31176	    476	   2108	  33760	   83e0	MAG_SAT_firm_project.elf
Finished building: default.size.stdout
 
12:51:04 **** Incremental Build of configuration Debug for project MAG_SAT_firm_project ****
make -j28 all 
arm-none-eabi-size  MAG_SAT_firm_project.elf 
   text	   data	    bss	    dec	    hex	filename
  31176	    476	   2108	  33760	   83e0	MAG_SAT_firm_project.elf
Finished building: default.size.stdout
 
12:54:41 **** Incremental Build of configuration Debug for project MAG_SAT_firm_project ****
make -j28 all 
arm-none-eabi-size  MAG_SAT_firm_project.elf 
   text	   data	    bss	    dec	    hex	filename
  31176	    476	   2108	  33760	   83e0	MAG_SAT_firm_project.elf
Finished building: default.size.stdout
 
12:54:48 **** Incremental Build of configuration Debug for project MAG_SAT_firm_project ****
make -j28 all 
arm-none-eabi-size  MAG_SAT_firm_project.elf 
   text	   data	    bss	    dec	    hex	filename
  31176	    476	   2108	  33760	   83e0	MAG_SAT_firm_project.elf
Finished building: default.size.stdout
 
12:57:27 **** Incremental Build of configuration Debug for project MAG_SAT_firm_project ****
make -j28 all 
arm-none-eabi-size  MAG_SAT_firm_project.elf 
   text	   data	    bss	    dec	    hex	filename
  31176	    476	   2108	  33760	   83e0	MAG_SAT_firm_project.elf
Finished building: default.size.stdout
 
13:00:19 **** Incremental Build of configuration Debug for project MAG_SAT_firm_project ****
make -j28 all 
arm-none-eabi-size  MAG_SAT_firm_project.elf 
   text	   data	    bss	    dec	    hex	filename
  31176	    476	   2108	  33760	   83e0	MAG_SAT_firm_project.elf
Finished building: default.size.stdout
 
